3.1.1,本章可适用于民用建筑中35kV及以下供配电系统的设计,可适用于,民用建筑中供配电系统的设计,,
3.1.1,变电所设计和电气设备的安装,应采取抗震措施,并应符合现行国家标准《电力设施抗震设计规范》GB50260的规定,,
3.1.1,本章可适用于民用建筑中,35kV及以下,供配电系统的设计,,
3.1.2,供配电系统的设计,应根据,民用建筑工程的负荷性质、用电容量、工程特点、系统规模和发展规划以及当地供电条件,,
3.1.2,供配电系统的设计,合理确定,设计方案,,
3.1.3,供配电系统的设计,应简单可靠,减少电能损耗,,
3.2.1,用电负荷,应根据,对供电可靠性的要求及中断供电所造成的损失或影响程度确定,,
3.2.1,用电负荷,应定为一级负荷,中断供电将造成人身伤害,,
3.2.1,用电负荷,应定为一级负荷,中断供电将造成重大损失或重大影响,,
3.2.2,电气设备的安装,应采取,抗震措施,,
3.2.2,电气设备的安装,应符合,国家标准《电力设施抗震设计规范》GB50260的规定,,
3.2.2,民用建筑中各类建筑物或场所的主要用电负荷级别,可按本标准附录A选定,,,
3.2.3,150m及以上的超高层公共建筑的消防负荷,应为一级负荷中的特别重要负荷,,,
3.2.4,当主体建筑中有一级负荷中的特别重要负荷时,确保其正常运行的空调设备,宜为一级负荷,,
3.2.4,当主体建筑中有大量一级负荷时,确保其正常运行的空调设备,宜为二级负荷,,
3.2.5,变电所设计和电气设备的安装,并应,符合现行国家标准《电力设施抗震设计规范》GB50260的规定,,
3.2.5,重要电信机房的交流电源,其负荷级别应,不低于该建筑中最高等级的用电负荷,,
3.2.6,住宅小区的给水泵房、供暖锅炉房及换热站的用电负荷,不应低于,二级,,
3.2.7,大中型商场、超市营业厅、大开间办公室、交通候机/候车大厅及地下停车库等大面积场所的二级照明用电,应采用,双重电源的两个低压回路交叉供电,,
3.2.8,双重电源供电,一个电源发生故障时,另一个电源不应同时受到损坏,,
3.2.10,一级负荷应由双重电源的两个低压回路在末端配电箱处切换供电,另有规定者除外,,,
3.2.11,电力设施抗震设计规范,GB50260,规定,,
3.2.12,三级负荷,可采用,单电源单回路供电,,
3.2.13,互为备用工作制的生活水泵、排污泵,可由配对使用的两台变压器低压侧各引一路电源,分别为工作泵和备用泵供电,,
3.2.14,对于不允许电源瞬时中断的负荷,应设置,UPS不间断电源装置供电,,
3.3.1,当供电电压,为35kV且负荷集中、配电线路电压损失符合要求、无其他高压用电设备、经济性合理时,可直接降至低压配电电压,,
3.3.2,双重电源供配电系统中,其中一个回路中断供电时,其余线路应能满足全部一级负荷及二级负荷的供电要求,,
3.3.3,自备电源,电力系统取得第二电源更经济合理,或第二电源不能满足一级负荷要求,,
3.3.3,自备电源,双重电源中的一路为冷备用,且不能满足消防电源允许中断供电时间的要求,,
3.3.4,应急电源与正常电源之间,应采取,防止并列运行的措施,,
3.3.5,需要双重电源供电的用电单位,宜采用,同级电压供电,,
3.3.6,采用35kV、20kV或10kV双重电源供电的民用建筑,其高压侧宜由单母线分段组成供配电系统,两段母线间宜设联络开关,,
3.3.8,公共建筑内的35kV、20kV或10kV供电系统,宜采用,放射式,,
3.3.9,电源,可作为应急电源或备用电源,1供电网络中独立于正常电源的专用馈电线路,,
3.3.9,电源,可作为应急电源或备用电源,2独立于正常电源的发电机组,,
3.3.9,电源,可作为应急电源或备用电源,3蓄电池组,,
3.3.10,电力设施抗震设计规范,GB50260,规定,,
3.3.10,应急电源,应根据,允许中断供电的时间选择,,
3.3.10,应急电源,应符合,下列规定,,
3.3.10,允许中断供电的时间,可选用,快速自动启动的应急发电机组,,
3.3.10,允许中断供电的时间,自动投入装置的动作时间能满足,可选用独立于正常电源之外的专用馈电线路,,
3.3.11,住宅小区的供配电系统,宜采用,环网方式,,
3.3.11,高层住宅,宜在首层或地下一层设置,20kV(10kV)/0.4kV户内变电所或室外预装式变电站,,
3.3.11,多层住宅小区、别墅群,宜分区设置,20kV(10kV)/0.4kV独立变电所或室外预装式变电站,,
3.3.13,大型城市综合体建筑的供配电系统,宜按照,不同业态设置相对独立的供配电系统。,,
3.3.14,居住建筑住户内的用电设备,商业网点、配套设施及公共场所的用电设备,应分别设置电能计量,,
3.4.1,电设备的安装容量,在250kW及以上或变压器安装容量,在160kVA及以上时,,
3.4.1,电设备总容量,在250kW以下或变压器安装容量,在160kVA以下时,,
3.4.2,变电所设计和电气设备的安装,并应符合,现行国家标准《电力设施抗震设计规范》GB50260的规定,,
3.4.2,柴油发电机组,宜采用,10kV及以上电压等级,,
3.4.7,配电系统中的谐波电压,和在公共连接点注入的谐波电流,允许限值,,
3.4.7,配电系统中的谐波电压,宜符合,现行国家标准《电能质量公用电网谐波》GB/T14549的规定,,
3.4.9,容量较大、较稳定运行的非线性用电设备、频谱特征较为单一时,宜采用,并联无源滤波器,,
3.4.10,变电所设计和电气设备的安装,应采取,抗震措施,,
3.4.10,变电所设计和电气设备的安装,应符合,现行国家标准《电力设施抗震设计规范》GB50260的规定,,
3.4.11,低压用电设备,宜采用,单独的配电回路供电,,
3.5.2,变电所设计和电气设备的安装,应符合,现行国家标准《电力设施抗震设计规范》GB50260的规定,,
3.5.4,建筑物消防用电设备的计算负荷,应按共用的消防用电设备、发生火灾的防火分区内的消防用电设备及所有与其关联的防火分区消防用电设备的计算负荷之和确定,,,
3.6.2,变电所,应设置,无功补偿,,
3.6.3,容量较大、负荷平稳且经常使用的用电设备的无功功率,宜单独就地,补偿。,,
3.6.4,变电所计量点的功率因数,不宜低于,0.9,,
4.1.1,变电所设计,可适用于交流电压为35kV及以下,设计,,
4.1.2,变电所设计,应根据,工程特点、负荷性质、用电容量、供电条件、节约电能、安装、运行维护要求等因素,,
4.1.2,变电所设计,应考虑,发展的可能性,,
4.1.3,变电所设计,和电气设备的安装,应采取抗震措施,,
4.1.3,变电所设计,和电气设备的安装,应符合现行国家标准《电力设施抗震设计规范》GB50260的规定,,
4.2.1,变电所位置选择,应符合,下列要求：1深入或靠近负荷中心；2进出线方便；3设备吊装、运输方便；4不应设在对防电磁辐射干扰有较高要求的场所；5不宜设在多尘、水雾或有腐蚀性气体的场所，当无法远离时，不应设在污染源的下风侧；6不应设在厕所、浴室、厨房或其他经常有水并可能漏水场所的正下方,,
4.2.3,变电所设计和电气设备的安装,应符合,现行国家标准《电力设施抗震设计规范》GB50260的规定,,
4.2.3,变电所设计,应采取,抗震措施,,
4.2.3,变电所设计,应符合,国家标准《电力设施抗震设计规范》GB50260的规定,,
4.2.3,变电所设计,应符合,现行国家标准《电力设施抗震设计规范》GB50260的规定,,
4.3.1,电气设备的安装,应采取,抗震措施,,
4.3.1,电气设备的安装,应符合,国家标准《电力设施抗震设计规范》GB50260的规定,,
4.3.1,配电变压器,选择应根据,建筑物的性质、负荷情况和环境条件确定,,
4.3.1,配电变压器,选择应,根据建筑物的性质、负荷情况和环境条件确定,,
4.3.1,配电变压器,应选用,低损耗、低噪声的,,
4.3.2,配电变压器的长期工作负载率,不宜大于,85%,,
4.3.2,当有一级和二级负荷时,宜装设,两台及以上变压器,,
4.3.2,当一台变压器停运时,其余变压器容量应满足一级和二级负荷用电要求,。,,
4.3.3,电力和照明采用共用变压器,将严重影响照明质量及光源寿命时,照明可设专用变压器,,
4.3.3,单相负荷容量较大,由于不平衡负荷引起中性导体电流超过YynO结线组别变压器低压绕组额定电流的25%,可设置单相变压器,,
4.3.4,配电变压器,宜选用,Dynl1结线组别的变压器,,
4.3.5,变压器,应选择,干式变压器、气体绝缘变压器或非可燃性液体绝缘变压器,,
4.3.6,变电所,当单台变压器油量为100kg及以上时,应有储油或挡油、排油等防火措施,,
4.3.7,单台变压器容量,不宜大于,2000kVA,,
4.3.7,单台变压器仅一台时容量,不宜大于,1250kVA,,
4.3.7,预装式变电站变压器容量,不宜大于,800kVA,,
4.4.1,变电所电压,为35kV、20kV或10kV及0.4kV侧的母线,宜采用单母线或单母线分段接线形式,,
4.4.4,电压为35kV、20kV或10kV固定式配电装置时,应在电源侧装设,隔离开关,,
4.4.4,架空出线回路或有反馈电可能的电缆出线回路中,尚应在出线侧装设,隔离开关,,
4.4.5,电压为35kV、20kV或10kV的配出回路开关的出线侧,应装设,与该回路开关有机械联锁的接地开关电器和带电指示灯或电压监视器,,
4.4.6,两个变电所之间的电气联络线路,应在两侧均装设断路器,当低压系统采用固定式配电装置,,
4.4.8,主开关,应选用,适合35kV、20kV或10kV并联电力电容器组操作的断路器,,
4.4.8,主开关,有自动投切功能时应采用,35kV、20kV或10kV高压真空接触器进行投切控制,,
4.4.9,避雷器和电压互感器,可合用,一组隔离电器,,
4.4.11,当35kV、20kV或10kV的开关设备选用真空断路器时,应装设,过电压吸收装置,,
4.4.12,电气设备的安装,应采取,抗震措施,,
4.4.12,电气设备的安装,应符合,国家标准《电力设施抗震设计规范》GB50260的规定,,
4.5.1,变电所,应根据建筑物(群)分布、周围环境条件和用电负荷的密度综合确定,并应符合下列规定,,
4.5.1,小型分散的公共建筑群及住宅小区,宜设户外预装式变电所,有条件时也可设置室内或外附式变电所,,
4.5.2,民用建筑内变电所,不应设置,裸露带电导体或装置,,
4.5.2,民用建筑内变电所,不应设置,带可燃性油的电气设备和变压器,,
4.5.2,民用建筑内变电所,其布置应符合,下列规定：135kV、20kV或10kV配电装置、低压配电装置和干式变压器等可设置在同一房间内；220kV、10kV具有IP2X防护等级外壳的配电装置和干式变压器,,
4.5.3,变电所,设计,和电气设备的安装,,
4.5.4,变电所设计和电气设备的安装,应符合,现行国家标准《电力设施抗震设计规范》GB50260的规定,,
4.5.4,变电所设计和电气设备的安装,应采取,措施,,
4.5.4,变电所设计和电气设备的安装,应采取,抗震措施,,
4.5.4,变电所设计和电气设备的安装,应符合,国家标准,,
4.5.5,变电所设计和电气设备的安装,应采取,抗震措施,,
4.5.5,变电所设计和电气设备的安装,应符合,国家标准《电力设施抗震设计规范》GB50260的规定,,
4.5.6,配电装置室内宜留有适当数量的备用位置,0.4kV的配电装置,应留有适当数量的备用回路,,
4.5.7,户外预装式变电站的进、出线,宜采用,电缆,,
4.5.8,变电所,应设值班室,值班室应能直通或经过走道与配电装置室相通,,
4.5.8,值班室,应有直接通向室外或通向疏散走道的门,值班室也可与低压配电装置室合并,,
4.5.9,电气设备的安装,应采取,抗震措施,,
4.5.9,电气设备的安装,应符合,国家标准《电力设施抗震设计规范》GB50260的规定,,
4.6.1,电力设施抗震设计规范,是,国家标准,,
4.6.1,配电装置的布置和导体、电器的选择,应不危及人身安全和周围设备安全,并应满足在正常运行、检修、短路和过电压情况下的要求,,
4.6.1,配电装置的布置,应便于设备的操作、搬运、检修和试验,并应考虑电缆或架空线进出线方便,,
4.6.2,电力设施抗震设计规范,GB50260,规定,,
4.6.3,变电所设计和电气设备的安装,应采取,抗震措施,,
4.6.3,变电所设计和电气设备的安装,应符合,国家标准《电力设施抗震设计规范》GB50260的规定,,
4.7.1,选择低压配电装置时,除应满足所在低压系统的标称电压、频率及所在回路的计算电流外,尚应满足短路条件下的动、热稳定要求,,
4.7.3,电气设备的安装,应采取,抗震措施,,
4.7.3,电气设备的安装,应符合,国家标准《电力设施抗震设计规范》GB50260的规定,,
4.8.1,电力电容器装置设计,适用于,电压为10kV及以下和单组容量为1200kvar及以下并联补偿,,
4.8.2,民用建筑中的低压无功补偿并联电容器,应采用,干式电容器,,
4.8.3,并联电容器组,应装设,单独的控制和保护装置,,
4.8.3,并联电容器组,可与该设备共用,控制和保护装置,,
4.8.4,电气设备的安装,应采取,抗震措施,,
4.8.4,电气设备的安装,应符合,国家标准《电力设施抗震设计规范》GB50260的规定,,
4.10.2,电力设施抗震设计规范,GB50260,规定,,
4.10.3,变电所,对外开的门,应为防火门,,
4.10.3,变电所,对外开的门,应符合下列规定,,
4.10.3,变电所,位于高层主体建筑或裙房内时,通向其他相邻房间的门应为甲级防火门,,
4.10.3,变电所,位于高层主体建筑或裙房内时,通向过道的门应为乙级防火门,,
4.10.3,变电所,位于多层建筑物的二层或更高层时,通向其他相邻房间的门应为甲级防火,,
4.10.4,变电所的通风窗,应采用,不燃材料制作,,
4.10.5,配电装置室及变压器室门的宽度,宜按最大不可拆卸部件宽度加0.3m,高度宜按不可拆卸部件最大高度加0.5m,,
4.10.8,电压为35kV、20kV或10kV配电室和电容器室,宜装设,不能开启的自然采光窗,,
4.10.8,电压为35kV、20kV或10kV配电室和电容器室,窗台距室外地坪,不宜低于1.8m,,
4.10.8,电压为35kV、20kV或10kV配电室和电容器室,临街的一面,不宜开设窗户,,
4.10.9,变压器室、配电装置室、电容器室的门,应向外开,并应装锁,,
4.10.9,相邻配电装置室之间设有防火隔墙时，隔墙上的门,应为甲级防火门,并向低电压配电室开启,,
4.10.10,变压器室、配电装置室、电容器室等,应设置,防止雨、雪和小动物进入屋内的设施。,,
4.10.12,变电所设计和电气设备的安装,应采取,抗震措施,,
4.10.12,变电所设计和电气设备的安装,应符合,国家标准《电力设施抗震设计规范》GB50260的规定,,
4.10.12,变电所,电缆沟、电缆夹层和电缆室,应采取防水、排水措施,,
4.10.12,配变电所,进出地下层的电缆口,必须采取有效的防水措施,,
4.10.13,变电所内配电箱,不应采用,嵌入式安装在建筑物的外墙上,,
4.11.1,变电所,设计,和电气设备的安装,,
4.11.1,变电所,设计,和电气设备的安装,,
4.11.1,变电所,设在地上,的变电所内的变压器室宜采用自然通风,,
4.11.1,变电所,设在地下,的变电所的变压器室应设机械送排风系统,,
4.11.1,夏季,的排风温度,不宜高于45℃,,
4.11.1,进风,和排风,的温差,,
4.11.2,并联电容器室,应有良好的自然通风,通风量应根据并联电容器温度类别按夏季排风温度不超过并联电容器所允许的最高环境空气温度计算,,
4.11.2,并联电容器室,当自然通风不能满足排热要求时,可增设机械排风,,
4.11.4,在供暖地区,控制室(值班室),应供暖,,
4.11.4,在严寒地区,当配电室内温度影响电气设备元件和仪表正常运行时,应设供暖装置,,
4.11.4,控制室和配电装置室内的供暖装置,应采取防止渗漏措施,不应有法兰、螺纹接头和阀门等,,
4.11.5,变电所,屋面应有隔热措施,控制室或值班室宜设置通风或空调装置,,
4.11.7,变电所设计和电气设备的安装,应采取,抗震措施,,
4.11.7,变电所设计和电气设备的安装,应符合,国家标准《电力设施抗震设计规范》GB50260的规定,,
4.11.8,装有六氟化硫(SF6)设备的配电装置的房间,低位区应配备,SF6泄漏报警仪及事故排风装置,,
4.11.9,有人值班的变电所,宜设,卫生间及给水排水设施,,
5.1.1,本章可适用于民用建筑中,35kV、20kV或10kV电力设备和线路的继电保护及,35kV及以下电力设备和线路的电气测量,,
5.1.2,继电保护装置,应满足,可靠性、选择性、灵敏性和速动性的要求,,
5.1.3,变电所,可根据需求,采用微机综合保护装置及变电所综合自动化系统,,
5.1.4,继电保护及电气测量的设计,还应符合,现行国家标准《电力装置的继电保护和自动装置设计规范》GB/T50062以及《电力装置电测量仪表装置设计规范》GB/T50063的相关规定,,
5.2.1,电力设备和线路,应装设,短路故障和异常运行保护装置,,
5.2.1,电力设备和线路短路故障的保护,应有,主保护和后备保护,,
5.2.1,电力设备和线路短路故障的保护,必要时可增设,辅助保护,,
5.2.2,继电保护装置的接线,应简单可靠，并应具有必要的检测、闭锁等措施,保护装置应便于整定、调试和运行维护,,
5.2.4,保护装置应具有必要的灵敏性,各类短路保护装置的灵敏系数,不宜低于表5.2.4的规定,,
5.2.7,断路器台数,可采用,弹簧储能操动机构合闸,,
5.2.7,断路器台数,可采用,电流互感器二次侧去分流分闸的交流操作继电保护,,
5.3.1,变压器应装,设下列保护装置,1绕组及其引出线的相间短路;2绕组的匝间短路,,
5.3.2,变压器引出线及内部的短路故障,应装设,相应的保护装置,,
5.3.2,当过电流保护时限大于0.5s时,应装设电流速断保护,且应瞬时动作于断开变压器的各侧断路器,,
5.3.4,变压器过电流,可采用,过电流保护作为后备保护,,
5.3.5,变压器低压侧中性点,经低电阻接地时,低压侧应配置三相式过电流保护,,
5.3.5,变压器低压侧中性点,应在变压器低压侧装设零序过电流保护,保护应设置两个时限,,
5.3.7,电气设备的安装,应采取,抗震措施,,
5.3.7,电气设备的安装,应符合,国家标准《电力设施抗震设计规范》GB50260的规定,,
5.4.1,20kV或10kV线路的下列故障和异常运行,应装设相应的保护装置,1相间短路,,
5.4.1,20kV或10kV线路的下列故障和异常运行,应装设相应的保护装置,2单相接地,,
5.4.1,20kV或10kV线路的下列故障和异常运行,应装设相应的保护装置,3过负荷,,
5.4.4,电气设备的安装,应采取,抗震措施,,
5.4.4,电气设备的安装,应符合,国家标准《电力设施抗震设计规范》GB50260的规定,,
5.5.1,35kv供电线路的下列故障和异常运行,应装设相应的保护装置,1相间短路,,
5.5.1,35kv供电线路的下列故障和异常运行,应装设相应的保护装置,2单相接地,,
5.5.1,35kv供电线路的下列故障和异常运行,应装设相应的保护装置,3过负荷,,
5.5.2,线路相间短路保护,应采用,远后备方式,,
5.5.2,线路相间短路保护,应快速切除故障,1)如线路短路，使发电厂厂用母线或重要用户母线电压低于额定电压的60%时,,
5.5.2,线路相间短路保护,应快速切除故障,2)如切除线路故障时间长，可能导致线路失去热稳定时,,
5.5.3,变电所设计和电气设备的安装,应符合,现行国家标准《电力设施抗震设计规范》GB50260的规定,,
5.5.3,变电所设计和电气设备的安装,应采取抗震措施,并应符合现行国家标准《电力设施抗震设计规范》GB50260的规定,,
5.5.4,电气设备的安装,应采取,抗震措施,,
5.5.5,中性点,低电阻接地单侧电源线路,可装设一段或两段三相式电流保护,,
5.5.5,中性点,低电阻接地单侧电源线路,可装设一段或两段零序电流保护,,
5.6.1,变电所的母线分段断路器,应装设下列保护装置：1电流速断保护；2过电流保护。,,,
5.6.1,变电所的母线分段断路器,应装设,电流速断保护；过电流保护。,,
5.6.1,变电所的母线分段断路器,应装设,电流速断保护；过电流保护。,,
5.6.2,35kV、20kV或10kV变电所分段断路器,电流速断保护(充电保护),仅在合闸瞬间投入,,
5.6.2,35kV、20kV或10kV变电所分段断路器,电流速断保护(充电保护),在合闸后自动解除,,
5.7.1,电容器内部故障及其引出线短路,应装设,相应的保护,,
5.7.1,电容器组和断路器之间连接线短路,应装设,相应的保护,,
5.7.1,电容器组中某一故障电容器切除后所引起的过电压,应装设,相应的保护,,
5.7.1,电容器组的单相接地,应装设,相应的保护,,
5.7.1,电容器组过电压,应装设,相应的保护,,
5.7.2,电容器组,可装设,带有短时限的电流速断和过电流保护,,
5.7.2,电容器组,动作于,跳闸,,
5.7.2,速断保护的动作电流,应按最小运行方式下,电容器端部引线发生两相短路时有足够的灵敏度,,
3.1.1,本章,可适用于民用建筑中,供配电系统的设计,,
3.1.2,变电所设计和电气设备的安装,并应符合,现行国家标准《电力设施抗震设计规范》GB50260的规定,,
3.1.2,民用建筑工程的负荷性质、用电容量、工程特点、系统规模和发展规划,应根据,民用建筑工程的负荷性质、用电容量、工程特点、系统规模和发展规划,,
3.1.3,变电所设计和电气设备的安装,应符合,现行国家标准《电力设施抗震设计规范》GB50260的规定,,
3.1.3,供配电系统的设计,应简单可靠,减少电能损耗,,
3.1.3,供配电系统的设计,应简单可靠,便于维护管理,,
3.1.3,供配电系统的设计,应简单可靠,并在满足现有使用要求的同时，适度兼顾未来发展的需要,,
3.2.2,变电所设计和电气设备的安装,应符合,现行国家标准《电力设施抗震设计规范》GB50260的规定,,
3.2.4,变电所设计和电气设备的安装,并应符合,现行国家标准《电力设施抗震设计规范》GB50260的规定,,
3.2.4,变电所设计和电气设备的安装,应采取,抗震措施,,
3.2.4,变电所设计和电气设备的安装,应符合,现行国家标准《电力设施抗震设计规范》GB50260的规定,,
3.2.5,重要电信机房的交流电源,其负荷级别应不低于,该建筑中最高等级的用电负荷,,
3.2.7,大中型商场、超市营业厅、大开间办公室、交通候机/候车大厅及地下停车库等大面积场所的二级照明用电,应采用,双重电源的两个低压回路交叉供电,,
3.2.8,一级负荷,当一个电源发生故障时,另一个电源不应同时受到损坏,,
3.2.11,变电所设计和电气设备的安装,应符合,现行国家标准《电力设施抗震设计规范》GB50260的规定,,
3.2.12,三级负荷,可采用,单电源单回路供电,,
3.2.13,电气设备的安装,应采取,抗震措施,,
3.2.13,电气设备的安装,应符合,国家标准《电力设施抗震设计规范》GB50260的规定,,
3.2.13,互为备用工作制的生活水泵、排污泵,为一级或二级负荷时,可由配对使用的两台变压器低压侧各引一路电源分别为工作泵和备用泵供电,,
3.2.13,工作泵,为一级或二级负荷时,可由配对使用的两台变压器低压,,
3.1.1,本章可适用于民用建筑中,35kV及以下,供配电系统的设计,,
3.1.2,变电所设计,应采取,抗震措施,,
3.1.2,变电所设计,应符合,国家标准《电力设施抗震设计规范》GB50260的规定,,
3.1.3,供配电系统的设计,应简单可靠,减少电能损耗,,
3.1.1,本章,可适用于民用建筑中,35kV及以下供配电系统的设计,,
3.1.2,（供配电系统的设计,应根据,民用建筑工程的负荷性质、用电容量、工程特点、系统规模和发展规划以及当地供电条件，合理确定设计方案,,
3.1.3,供配电系统的设计,应简单可靠,减少电能损耗,,
13.5.3,电气火灾探测器、测温式电气火灾探测器和电弧故障探测器的监测点,计算电流300A及以下时,宜在变电所低压配电室或总配电室集中测量,,
13.5.3,电气火灾探测器、测温式电气火灾探测器和电弧故障探测器的监测点,300A以上时,宜在楼层配电箱进线开关下端口测量,,
3.1.1,本章可适用于民用建筑中,35kV及以下,供配电系统的设计,,
3.1.2,民用建筑工程的负荷性质、用电容量、工程特点、系统规模和发展规划,合理确定,设计方案,,
3.1.3,供配电系统的设计,应简单可靠,减少电能损耗,,
3.2.1,变电所设计和电气设备的安装,应符合,现行国家标准《电力设施抗震设计规范》GB50260的规定,,
3.2.1,用电负荷,应根据,对供电可靠性的要求及中断供电所造成的损失或影响程度确定,,
3.2.1,用电负荷,应符合,下列要求。1符合下列情况之一时，应定为一级负荷：1)中断供电将造成人身伤害；2)中断供电将造成重大损失,,
3.2.2,变电所设计和电气设备的安装,应符合,现行国家标准《电力设施抗震设计规范》GB50260的规定,,
3.2.2,变电所设计和电气设备的安装,应符合,国家标准《电力设施抗震设计规范》GB50260的规定,,
3.2.2,变电所设计和电气设备的安装,应采取,抗震措施,,
3.2.2,变电所设计和电气设备的安装,应符合,国家标准《电力设施抗,,
3.2.3,超高层公共建筑的消防负荷,应为,一级负荷中的特别重要负荷,,
3.2.4,主体建筑,一级负荷中的特别重要负荷,空调设备宜为一级负荷,,
3.2.4,主体建筑,大量一级负荷,空调设备宜为二级负荷,,
3.2.5,重要电信机房的交流电源,其负荷级别,应不低于该建筑中最高等级的用电负荷,,
3.2.6,住宅小区的给水泵房、供暖锅炉房及换热站的用电负荷,不应低于,二级。,,
3.2.7,变电所设计和电气设备的安装,应采取,抗震措施,,
3.2.7,变电所设计和电气设备的安装,并应,符合现行国家标准《电力设施抗震设计规范》GB50260的规定,,
3.2.7,大中型商场、超市营业厅、大开间办公室、交通候机/候车大厅及地下停车库等大面积场所的二级照明用电,应采用,双重电源的两个低压回路交叉供电,,
3.2.8,变电所设计和电气设备的安装,应符合,现行国家标准《电力设施抗震设计规范》GB50260的规定,,
3.2.8,一级负荷,应由双重电源供电,当一个电源发生故障时，另一个电源不应同时受到损坏。,,
3.2.10,变电所设计和电气设备的安装,并应符合,现行国家标准《电力设施抗震设计规范》GB50260的规定,,
3.2.11,二级负荷的外部电源进线,宜由,35kV、20kV或10kV双回线路供电,,
3.2.11,二级负荷的外部电源进线,当负荷较小或地区供电条件困难时,二级负荷可由一回35kV、20kV或10kV专用的架空线路供电,,
3.2.12,三级负荷,可采用,单电源单回路供电,,
3.2.13,互为备用工作制的生活水泵、排污泵,为一级或二级负荷时,可由配对使用的两台变压器低压侧各引一路电源分别为工作泵和备用泵供电,,
3.2.14,变电所设计和电气设备的安装,应符合,现行国家标准《电力设施抗震设计规范》GB50260的规定,,
3.2.14,变电所设计和电气设备的安装,应符合,现行国家标准《电力设施抗震设计规范》GB50260的规定,,
3.2.14,不允许电源瞬时中断的负荷,应设置,UPS不间断电源装置供电,,
3.3.2,变电所设计和电气设备的安装,应符合,现行国家标准《电力设施抗震设计规范》GB50260的规定,,
3.3.2,双重电源供配电系统,其中一个回路中断供电时,其余线路应能满足全部一级负荷及二级负荷的供电要求,,
3.3.3,电力设施,抗震设计,规范,,
3.3.4,应急电源与正常电源之间,应采取,防止并列运行的措施,,
3.3.5,需要双重电源供电的用电单位,宜采用,同级电压供电,,
3.3.6,采用35kV、20kV或10kV双重电源供电的民用建筑,其高压侧宜由单母线分段组成供配电系统,两段母线间宜设联络开关,,
3.3.7,35kV、20kV或10kV供配电系统中,同一电压等级的配电级数,不宜多于两级,,
3.3.8,公共建筑内的35kV、20kV或10kV供电系统,宜采用,放射式,,
3.3.10,应急电源,应根据允许中断供电的时间选择,并应符合下列规定,,
3.3.11,变电所设计和电气设备的安装,应符合,现行国家标准《电力设施抗震设计规范》GB50260的规定,,
3.3.11,住宅小区的供配电系统,宜采用,环网方式,,
3.3.11,住宅小区的供配电系统,宜采用,环网方式,,
3.3.11,高层住宅,宜在首层或地下一层设置,20kV(10kV)/0.4kV户内变电所或室外预装式变电站,,
3.3.12,超高层建筑供配电系统,宜按照,超高层建筑内的不同功能分区及避难层划分设置相对独立的供配电系统,,
3.3.13,大型城市综合体建筑的供配电系统,宜按照不同业态设置,相对独立的供配电系统,,
3.3.14,用电设备,与商业网点、配套设施及公共场所的用电设备,应分别设置电能计量,,
3.4.1,当用电设备的安装容量在250kW及以上或变压器安装容量在160kVA及以上时,供电,20kV或10kV供电,,
3.4.1,当用电设备总容量在250kW以下或变压器安装容量在160kVA以下时,供电,低压380V/220V,,
3.4.2,当供电距离超过300m且采取增大线路截面积经济性较差时,宜采用,10kV及以上电压等级,,
3.4.2,当供电距离超过300m且采取增大线路截面积经济性较差时,柴油发电机组,宜采用,,
3.4.3,电力设施抗震设计规范,是,国家标准,,
3.4.3,电力设施抗震设计规范,定义了,抗震设计的基本原则、基本要求和主要内容,,
3.4.8,对于谐波电流较大的非线性负荷,宜采用有源滤波器,进行谐波治理,,
3.4.8,对于谐波电流较大的非线性负荷,并符合下列要求: 1当预期非线性负荷容量较大时,应在变电所预留装设滤波器的安装位置,,
3.4.8,对于谐波电流较大的非线性负荷,并符合下列要求: 2当预期用电设备产生较大谐波时,宜在其配电箱处,,
3.4.10,容量较大、频谱特征复杂的谐波源,宜采用,无源滤波器与有源滤波器混合装设的方式,,
3.4.11,谐波含量较高且容量较大的低压用电设备,宜采用,单独的配电回路供电,,
3.5.1,负荷计算,应包括,有功功率、无功功率、视在功率、无功补偿,,
3.5.1,负荷计算,应包括,一级、二级及三级负荷容量,,
3.5.1,负荷计算,应包括,季节性负荷容量,,
3.5.2,方案设计阶段可采用单位指标法；初步设计及施工图设计阶段,宜采用,需要系数法。,,
3.5.5,变电所设计和电气设备的安装,应符合,现行国家标准《电力设施抗震设计规范》GB50260的规定,,
3.5.5,自备应急发电机的负荷计算,应满足下列要求,1当自备应急发电机仅为一级负荷中的特别重要负荷供电时,,
3.5.5,自备应急发电机的负荷计算,应满足下列要求,2当自备应急发电机为同时使用的消防负荷及火灾时,,
3.5.6,变电所设计和电气设备的安装,应采取,抗震措施,,
3.5.6,变电所设计和电气设备的安装,应,采取抗震措施,,
3.5.6,变电所设计和电气设备的安装,应采取,抗震措施,,
3.5.6,变电所设计和电气设备的安装,应采取,抗震措施,,
3.6.1,变电所设计和电气设备的安装,应采取,抗震措施,,
3.6.1,变电所设计和电气设备的安装,应符合,现行国家标准《电力设施抗震设计规范》GB50260的规定,,
3.6.1,变电所设计,应采取,抗震措施,,
3.6.1,变电所设计,应符合,国家标准《电力设施抗震设计规范》GB50260的规定,,
3.6.1,电气设备的安装,应采取,抗震措施,,
3.6.2,变电所,宜在各个变电所内的变压器低压侧设置,无功补偿,,
3.6.4,变电所计量点的功率因数,不宜低于,0.9,,
3.6.6,变电所设计和电气设备的安装,并应符合,现行国家标准《电力设施抗震设计规范》GB50260的规定,,
3.6.6,民用建筑内的供配电系统,宜采用,成套无功补偿柜,,
4.1.1,本章,可适用于,交流电压为35kV及以下的变电所设计,,
4.1.2,变电所设计和电气设备的安装,应符合,现行国家标准《电力设施抗震设计规范》GB50260的规定,,
4.1.2,变电所设计和电气设备的安装,应符合,国家标准《电力设施抗震设计规范》GB50260,,
4.1.2,变电所设计和电气设备的安装,应符合,标准《电力设施抗震设计规范》GB50260,,
4.1.3,变电所设计,应采取,抗震措施,,
4.1.3,变电所设计,应符合,国家标准《电力设施抗震设计规范》GB50260的规定,,
4.1.4,变电所设计,除应符合本标准外,尚应符合现行国家标准《35kV～110kV变电站设计规范》GB50059、《3～110kV高压配电装置设计规范》GB50060、《20kV及以下变电所设计规范》GB50053的规定,,
4.2.1,变电所位置选择,应符合,下列要求：1深入或靠近负荷中心；2进出线方便；3设备吊装、运输方便；4不应设在对防电磁辐射干扰有较高要求的场所；5不宜设在多尘、水雾或有腐蚀性气体的场所，当无法远离时，不应设在污染源的下风侧；6不应设在厕所、浴室、厨房或其他经常有水并可能漏水场所的正下方，,,
4.2.2,变电所设计和电气设备的安装,并应符合,现行国家标准《电力设施抗震设计规范》GB50260的规定,,
4.2.3,变电所设计和电气设备的安装,应符合,现行国家标准《电力设施抗震设计规范》GB50260的规定,,
4.2.3,变电所设计和电气设备的安装,应采取,措施,,
4.2.3,变电所设计和电气设备的安装,应采取,抗震措施,,
4.2.3,变电所设计和电气设备的安装,应采取,抗震措施,,
4.2.3,变电所设计和电气设备的安装,应符合,标准《电力设施抗,,
4.3.1,配电变压器,选择,应根据建筑物的性质、负荷情况和环境条件确定,,
4.3.1,配电变压器,选择,应选用低损耗、低噪声的节能型变压器,,
4.3.2,配电变压器的长期工作负载率,不宜大于,85%,,
4.3.2,当有一级和二级负载时,宜装设,两台及以上变压器,,
4.3.2,当一台变压器停运时,其余变压器容量应,满足一级和二级负荷用电要求,,
4.3.4,配电变压器,宜选用,Dynl1结线组别的变压器,,
4.3.5,干式变压器、气体绝缘变压器或非可燃性液体绝缘变压器,选择,变压器,,
4.3.6,变电所,当单台变压器油量为100kg及以上时,应有储油或挡油、排油等防火措施,,
4.3.7,变压器低压侧电压,为0.4kV时,单台变压器容量不宜大于2000kVA,,
4.3.7,当仅有一台时,不宜大于1250kVA;预装式变电站变压器容量采用干式变压器时不宜大于800kVA,采用油浸式变压器时不宜大于630kVA,,
4.4.2,变电所设计和电气设备的安装,应符合,现行国家标准《电力设施抗震设计规范》GB50260的规定,,
4.4.2,35kV及出线回路较多的20kV或10kV变电所的电源进线开关,宜采用,断路器,,
4.4.2,35kV、20kV或10kV变电所，35kV侧及有继电保护和自动装置要求的20kV或10kV母线分段处,宜装设,与电源进线开关相同型号的断路器,,
4.4.3,变电所,20kV或10kV变电所,当供电容量较小、出线回路数少、无继电保护和自动装置要求时,,
4.4.3,变电所,20kV或10kV电源进线开关,可采用负荷开关-熔断器组合电器,,
4.4.4,电压为35kV、20kV或10kV固定式配电装置,应在电源侧装设,隔离开关,,
4.4.4,架空出线回路或有反馈电可能的电缆出线回路,尚应在出线侧装设,隔离开关,,
4.4.5,电压为35kV、20kV或10kV的配出回路开关的出线侧,应装设,与该回路开关有机械联锁的接地开关电器和带电指示灯或电压监视器,,
4.4.6,两个变电所之间的电气联络线路,应在两侧均装设断路器,当低压系统采用固定式配电装置,,
4.4.7,变电所,应采取,抗震措施,,
4.4.7,变电所,应符合,现行国家标准《电力设施抗震设计规范》GB50260的规定,,
4.4.8,主开关,应选用,适合35kV、20kV或10kV并联电力电容器组操作的断路器,,
4.4.8,主开关,有自动投切功能时应采用,35kV、20kV或10kV高压真空接触器进行投切控制,,
4.4.9,避雷器和电压互感器,可合用一组,隔离电器,,
4.4.11,当35kV、20kV或10kV的开关设备选用真空断路器时,应装设,过电压吸收装置,,
4.4.12,变电所设计和电气设备的安装,应符合,现行国家标准《电力设施抗震设计规范》GB50260的规定,,
4.5.1,变电所设计和电气设备的安装,应符合,现行国家标准《电力设施抗震设计规范》GB50260的规定,,
4.5.1,变电所设计和电气设备的安装,应符合,现行国家标准《电力设施抗震设计规范》GB50260的规定,,
4.5.1,变电所设计和电气设备的安装,应符合,国家标准《电力设施抗震设计规范》GB50260的规定,,
4.5.2,民用建筑内变电所,不应设置,裸露带电导体或装置,,
4.5.2,民用建筑内变电所,不应设置,带可燃性油的电气设备和变压器,,
4.5.2,民用建筑内变电所,其布置应符合下列规定,135kV、20kV或10kV配电装置、低压配电装置和干式变压器等可设置在同一房间内,,
4.5.2,民用建筑内变电所,其布置应符合下列规定,220kV、10kV具有IP2X,,
4.5.3,变压器,应分别设置在单独的房间内,变电所宜为单层建筑,,
4.5.3,变压器,应设置在底层,当为两层布置时,,
4.5.4,由同一变电所供给一级负荷用电设备的两个回路电源的配电装置,宜分列设置,当不能分列设置时,,
4.5.4,由同一变电所供给一级负荷用电设备的两个回路电源的配电装置,母线分段处,应设置防火隔板或有门洞的隔墙,,
4.5.5,变电所设计和电气设备的安装,应符合,现行国家标准《电力设施抗震设计规范》GB50260的规定,,
4.5.5,变电所设计和电气设备的安装,应符合,国家标准《电力设施抗震设计规范》GB50260的规定,,
4.5.5,变电所设计和电气设备的安装,应符合,标准《电力设施抗震设计规范》GB50260的规定,,
4.5.6,配电装置室内宜留有适当数量的备用位置,0.4kV的配电装置,尚应留有适当数量的备用回路,,
4.5.7,户外预装式变电站的进、出线,宜采用,电缆,,
4.5.8,有人值班的变电所,应设值班室,值班室应能直通或经过走道与配电装置室相通,,
4.5.8,有人值班的变电所,应设值班室,且值班室应有直接通向室外或通向疏散走道的门,,
4.5.8,有人值班的变电所,应设值班室,值班室也可与低压配电装置室合并,,
4.5.9,变电所设计和电气设备的安装,应符合,现行国家标准《电力设施抗震设计规范》GB50260的规定,,
4.5.9,变电所设计和电气设备的安装,应采取抗震措施,应符合现行国家标准《电力设施抗震设计规范》GB50260的规定,,
4.5.9,变电所设计和电气设备的安装,应采取抗震措施,并应符合现行国家标准《电力设施抗震设,,
4.5.10,变电所设计和电气设备的安装,应采取抗震措施,并应符合现行国家标准《电力设施抗震设计规范》GB50260的规定,,
4.5.10,变电所设计和电气设备的安装,应采取抗震措施,并应符合现行国家标准《电力设施抗震设计规范》GB50260的规定,,
4.5.10,应采取抗震措施,并应符合,现行国家标准《电力设施抗震设计规,,
4.6.1,变电所设计和电气设备的安装,应符合,现行国家标准《电力设施抗震设计规范》GB50260的规定,,
4.6.2,配电装置室内各种通道的净宽,不应小于,表4.6.2-1和表4.6.2-2的规定,,
4.6.2,配电装置室内各种通道的最小净宽,开关柜布置方式,柜后维护通道,,
4.6.2,配电装置室内各种通道的最小净宽,开关柜布置方式,柜前操作通道,,
4.6.3,屋内配电装置距顶板的距离,不宜小于,1.0m,,
4.6.3,当有梁时,距梁底,不宜小于0.8m,,
4.7.1,变电所设计和电气设备的安装,并应符合,现行国家标准《电力设施抗震设计规范》GB50260的规定,,
4.7.2,配电装置的布置,应综合设备的操作、搬运、检修和试验要求等因素,确定,,
4.7.4,变电所设计和电气设备的安装,应符合,现行国家标准《电力设施抗震设计规范》GB50260的规定,,
4.7.4,变电所设计和电气设备的安装,应符合,国家标准,,
4.7.4,变电所设计和电气设备的安装,应符合,标准《电力设施抗震设计规范》GB50260的规定,,
4.7.4,变电所设计和电气设备的安装,应符合,标准《电力设施抗震设计,,
4.8.1,本节,可适用于,电压为10kV及以下和单组容量为1200kvar及以下并联补偿用的电力电容器装置设计,,
4.8.2,民用建筑中的低压无功补偿并联电容器,应采用,干式电容器,,
4.8.3,并联电容器组,应装设,单独的控制和保护装置,,
4.8.3,并联电容器组,可与该设备共用,控制和保护装置,,
4.8.4,变电所设计和电气设备的安装,应采取,抗震措施,,
4.8.4,变电所设计和电气设备的安装,应符合,国家标准《电力设施抗震设计规范》GB50260的规定,,
4.10.1,可燃油油浸变压器室,以及,电压为35kV、20kV或10kV的配电装置室和电容器室,,
4.10.1,可燃油油浸变压器室,以及,电容器室,,
4.10.1,耐火等级,不得低于,二级,,
4.10.2,非燃或难燃介质的配电变压器室以及低压配电装置室和电容器室,耐火等级,不宜低于二级,,
4.10.3,变电所,通向其他相邻房间的门,应为甲级防火门,,
4.10.3,变电所,通向过道的门,应为乙级防火门,,
4.10.3,变电所,通向其他相邻房间的门,应为甲级防火门,,
4.10.3,变电所,通向过道的门,应为乙级防火门,,
4.10.3,变电所,通向相邻房间或过道的门,应为乙级防火门,,
4.10.3,变电所,通向相邻房间或过道的门,应为甲级防火门,,
4.10.4,变电所的通风窗,应采用,不燃材料制作,,
4.10.5,变电所设计和电气设备的安装,应符合,现行国家标准《电力设施抗震设计规范》GB50260的规定,,
4.10.5,变电所设计和电气设备的安装,应符合,国家标准《电力设施抗震设计规范》GB50260的规定,,
4.10.5,变电所设计和电气设备的安装,应符合,标准《电力设施抗震设计规范》GB50260的规定,,
4.10.6,变电所,应设有,运输通道,,
4.10.6,变电所,通道,吊装孔或吊装平台,,
4.10.6,变电所,吊装孔,尺寸应满足吊装最大设备的需要,,
4.10.6,变电所,平台,尺寸应满足吊装最大设备的需要,,
4.10.6,变电所,吊钩,垂直距离应满足吊装最高设备的需要,,
4.10.6,变电所,容量,不宜大于1250kVA,,
4.10.6,变电所,变压器,容量不宜大于1250kVA,,
4.10.7,变电所设计和电气设备的安装,应符合,现行国家标准《电力设施抗震设计规范》GB50260的规定,,
4.10.7,变电所,当变电所与上、下或贴邻的居住、教室、办公房间仅有一层楼板或墙体相隔时,变电所内应采取屏蔽、降噪等措施,,
4.10.8,电压为35kV、20kV或10kV配电室和电容器室,宜装设,不能开启的自然采光窗,,
4.10.8,电压为35kV、20kV或10kV配电室和电容器室,窗台距室外地坪,不宜低于1.8m,,
4.10.8,电压为35kV、20kV或10kV配电室和电容器室,临街的一面,不宜开设窗户,,
4.10.9,变压器室、配电装置室、电容器室的门,应向外开,并应装锁,,
4.10.10,变压器室、配电装置室、电容器室,应设置,防止雨、雪和小动物进入屋内的设施,,
4.10.11,变电所,设计,和电气设备的安装,,
4.10.12,变电所,电缆沟、电缆夹层和电缆室,应采取防水、排水措施,,
4.10.12,配变电所,电缆口,必须采取有效的防水措施,,
4.10.13,变电所内配电箱,不应采用,嵌入式安装在建筑物的外墙上,,
4.11.1,变电所,设计,安装,,
4.11.1,变电所,电气设备,安装,,
4.11.1,变电所,设计,电气设备安装,,
4.11.2,并联电容器室,应有良好的自然通风,通风量应根据并联电容器温度类别按夏季排风温度不超过并联电容器所允许的最高环境空气温度计算,,
4.11.2,并联电容器室,通风量应根据并联电容器温度类别按夏季排风温度不超过并联电容器所允许的最高环境空气温度计算,当自然通风不能满足排热要求时,,
4.11.3,当变压器室、并联电容器室采用机械通风时,通风管道,应采用不燃材料制作,,
4.11.3,当变压器室、并联电容器室采用机械通风时,通风管道,应在进风口处加空气过滤器,,
4.11.4,在供暖地区,控制室(值班室),供暖,,
4.11.4,在严寒地区,当配电室内温度影响电气设备元件和仪表正常运行时,应设供暖装置,,
4.11.4,控制室和配电装置室内的供暖装置,应采取,防止渗漏措施,,
4.11.5,位于炎热地区的变电所,屋面应有,隔热措施,,
4.11.6,位于地下层的变电所,其控制室,应保证运行的卫生条件,,
4.11.6,位于地下层的变电所,当不能满足要求时,应装设通风系统或空调装置,,
4.11.7,变压器室、并联电力电容器室、配电装置室以及控制室,不应有,与其无关的管道通过,,
4.11.8,装有六氟化硫(SF6)设备的配电装置的房间,低位区应配备,SF6泄漏报警仪及事故排风装置,,
4.11.9,有人值班的变电所,宜设,卫生间及给水排水设施,,
5.1.1,本章可适用于民用建筑中,35kV、20kV或10kV电力设备和线路的继电保护,及35kV及以下电力设备和线路的电气测量,,
5.1.2,继电保护装置,应满足,可靠性、选择性、灵敏性和速动性的要求,,
5.1.3,变电所,可根据需求,采用微机综合保护装置及变电所综合自动化系统,,
5.2.1,电力设备和线路,应装设,短路故障和异常运行保护装置,,
5.2.1,电力设备和线路,短路故障的保护应有,主保护和后备保护,,
5.2.1,电力设备和线路短路故障的保护应有主保护和后备保护,必要时可增设,辅助保护,,
5.2.2,继电保护装置的接线,应简单可靠,并应具有必要的检测、闭锁等措施,,
5.2.2,保护装置,应便于,整定、调试和运行维护,,
5.2.3,变电所设计和电气设备的安装,并应符合,现行国家标准《电力设施抗震设计规范》GB50260的规定,,
5.2.3,为保证继电保护装置的选择性,对相邻设备和线路有保护性配合要求或同一保护装置内有配合要求的元件,其上下两级之间的灵敏性及动作时间应相互配合,,
5.2.4,变电所设计和电气设备的安装,应符合,现行国家标准《电力设施抗震设计规范》GB50260的规定,,
5.2.4,变电所设计和电气设备的安装,应符合,GB50260的规定,,
5.2.4,变电所设计和电气设备的安装,应采取抗震措施,并应符合现行国家标准《电力设施抗震设计规范》GB50260的规定,,
5.2.6,当变电所35kV、20kV或10kV断路器台数较多、负荷等级较高时,宜采用,直流操作继电保护,,
5.2.7,变电所设计和电气设备的安装,并应符合,现行国家标准《电力设施抗震设计规范》GB50260的规定,,
5.2.7,变电所设计和电气设备的安装,应采取抗震措施,并应符合现行国家标准《电力设施抗震设计规范》GB50260的规定,,
5.2.7,当小型变电所断路器台数不多时,可采用,弹簧储能操动机构合闸、电流互感器二次侧去分,,
5.2.8,当小型变电所一次接线简单，断路器台数不多，且不分段断路器自投时,可采用,在线式不间断电源装置(UPS)或小容量直流电源装置作为继电保护控制电源的继电保,,
5.3.1,变压器,应装设下列保护装置,1绕组及其引出线的相间短路;2绕组的匝间短路,,
5.3.1,变压器,应装设下列保护装置,3外部相间短路引起的过电流;4低压侧中性点直接接地或经低电阻接地侧的单相接地短路,,
5.3.1,变压器应装设下列保护装置,5过负荷,6油面降低,,
5.3.2,变电所设计和电气设备的安装,应符合,现行国家标准《电力设施抗震设计规范》GB50260的规定,,
5.3.2,变压器引出线及内部的短路故障,应装设,相应的保护装置,,
5.3.2,变压器引出线及内部的短路故障,当过电流保护时限大于0.5s时,应装设电流速断保护,,
5.3.4,变电所设计和电气设备的安装,应符合现行,国家标准《电力设施抗震设计规范》GB50260的规定,,
5.3.5,当变压器低压侧中性点,经低电阻接地时,低压侧应配置三相式过电流保护,,
5.3.7,变压器高压侧的过电流保护,兼作,低压侧单相接地短路保护,,
5.3.7,保护装置,应采用,三相式,,
5.3.7,保护装置当灵敏度符合要求时,应带时,限动作于跳闸,,
5.3.7,保护装置当灵敏度不符合要求时,可按照,本标准第5.3.6条第1款的要求装设保护装置并应带时限动作于跳闸,,
5.3.8,容量400kVA及以上变压器,当数台并列运行或单独运行并作为其他负荷的备用电源时,应根据可能过负荷的情况装设过负荷保护装置,,
5.3.8,过负荷保护,可采用单相式,且应带时限动作于信号,,
5.3.8,过负荷保护,可动作于跳闸或断开部分负荷,在无经常值班人员的变电所,,
5.4.1,20kV或10kV线路的下列故障和异常运行,应装设相应的保护装置,1相间短路,,
5.4.1,20kV或10kV线路的下列故障和异常运行,应装设相应的保护装置,2单相接地,,
5.4.1,20kV或10kV线路的下列故障和异常运行,应装设相应的保护装置,3过负荷,,
5.4.2,电力设施抗震设计规范,GB50260,规定,,
5.4.4,变电所设计和电气设备的安装,应符合,现行国家标准《电力设施抗震设计规范》GB50260的规定,,
5.4.4,中性点不接地线路的单相接地,应符合下列规定,接地监视装置、动作于信号,,
5.4.4,中性点不接地线路的单相接地,应符合下列规定,选择性的接地保护、动作于信号,,
5.4.4,中性点不接地线路的单相接地,应符合下列规定,保护装置、动作于跳闸,,
5.4.6,可能出现过负荷的电缆线路或电缆架空混合线路,应装设,过负荷保护,,
5.4.6,保护装置,宜带时限动作,信号,,
5.4.6,当危及设备安全时,可动作,跳闸,,
5.5.1,变电所设计和电气设备的安装,应符合,现行国家标准《电力设施抗震设计规范》GB50260的规定,,
5.5.1,35kV供电线路的下列故障和异常运行,应装设相应的保护装置,1相间短路,,
5.5.1,35kV供电线路的下列故障和异常运行,应装设相应的保护装置,2单相接地,,
5.5.1,35kV供电线路的下列故障和异常运行,应装设相应的保护装置,3过,,
5.5.2,变电所设计和电气设备的安装,应采取,抗震措施,,
5.5.2,变电所设计和电气设备的安装,应采取,抗震措施,,
5.5.2,变电所设计和电气设备的安装,应符合,国家标准《电力设施抗震设计规范》GB50260的规定,,
5.5.4,中性点不接地线路的单相接地故障，保护的装设原则,及构成方式,按照本标准第5.4.4条的规定执行,,
5.5.5,中性点低电阻接地单侧电源线路,可装设一段或两段三相式电流保护,作为相间故障的主保护和后备保护,,
5.5.5,中性点低电阻接地单侧电源线路,可装设一段或两段零序电流保护,作为接地故障的主保护和后备保护,,
5.5.6,电缆线路或电缆架空混合线路,应装设,过负荷保护,,
5.5.6,保护装置,宜带时限动作于,信号,,
5.6.1,变电所的母线分段断路器,应装设,下列保护装置：1电流速断保护；2过电流保护。,,
5.6.3,分段断路器过电流保护应比出线回路的过电流保护,增大一级时限,。,,
5.7.1,电容器内部故障及其引出线短路,应装设,相应的保护,,
5.7.1,电容器组和断路器之间连接线短路,应装设,相应的保护,,
5.7.1,电容器组中某一故障电容器切除后所引起的过电压,应装设,相应的保护,,
5.7.1,电容器组的单相接地,应装设,相应的保护,,
5.7.1,电容器组过电压,应装设,相应的保护,,
5.7.2,变电所设计和电气设备的安装,应符合,现行国家标准《电力设施抗震设计规范》GB50260的规定,,
5.7.2,变电所设计和电气设备的安装,应采取,措施,,
5.7.2,变电所设计和电气设备的安装,应采取,抗震措施,,
5.7.2,电容器组和断路器之间连接线,可装设,带有短时限的电流速断和过电流保护,,
5.7.3,用于单台电容器保护的外熔断器,选型时,应采用电容器专用熔断器,,
5.7.3,用于单台电容器保护的外熔断器,熔丝额定电流,应按电容器额定电流的1.37倍~1.50倍选择,,
5.7.4,电容器组,引起剩余电容器组端电压超过105%额定电压时,保护应带时限动作于信号,,
5.7.4,电容器组,引起剩余电容器组端电压超过110%额定电压时,保护应将整组电容器断开,,
5.7.4,电容器组,可装设,中性点电压不平衡保护,,
5.7.4,电容器组,可装设,中性点间电流或电压不平衡保护,,
5.7.7,电容器组,应装设,过电压保护,,
5.7.7,电容器组,应带,时限动作于信号或跳闸,,
5.7.8,电容器装置,应装设,母线失压保护,,
5.7.9,当供配电系统有高次谐波,并可能使电容器过负荷时,电容器组宜装设,,
5.8.1,定子绕组相间短路,应装设,相应的保护装置,,
5.8.1,定子绕组单相接地,应装设,相应的保护装置,,
5.8.1,定子绕组过负荷,应装设,相应的保护装置,,
5.8.1,定子绕组低电压,应装设,相应的保护装置,,
5.8.1,相电流不平衡及断相,应装设,相应的保护装置,,
5.8.2,电动机绕组及引出线的相间短路,应装设,相应的保护装置,,
5.8.3,变电所设计和电气设备的安装,应采取抗震措施,并应符合现行国家标准《电力设施抗震设计规范》GB50260的规定,,
5.8.3,变电所设计和电气设备的安装,应采取抗震措施,并应符合现行国家标准,,
5.8.3,变电所设计和电气设备的安装,应采取抗震措施,并应符合现行国家标准《电力设施抗震设计规范》GB50260的规,,
5.8.4,电动机的过负荷,应装设过负荷保护,并应符合下列规定,,
5.8.4,电动机的过负荷,保护装置应根据负荷特性,带时限动作于信号或跳闸,,
5.8.5,变电所设计和电气设备的安装,并应符合,现行国家标准《电力设施抗震设计规范》GB50260的规定,,
5.8.5,变电所设计和电气设备的安装,并应符合,现行国家标准《电力设施抗震设计规范》GB50260的规定,,
5.8.5,变电所设计和电气设备的安装,应采取,抗震措施,,
5.10.1,基于电网运行安全和地方供电部门的要求,应急柴油发电机组与正常电源之间,应采取可靠的防止并列运行的措施,,
5.10.1,基于电网运行安全和地方供电部门的要求,应急柴油发电机组与正常电源之间,即采用“先断后合”方式,,
5.10.3,应对柴油发电机组切换后的继电保护整定,进行,校验,,
5.11.3,保护装置,应具有,在线自动检测功能,,
5.11.3,保护装置,包括,保护硬件损坏、功能失效和二次回路异常运行状态的自动检测,,
5.11.4,保护装置的整定值,应满足,保护功能的要求,,
5.11.4,保护装置的整定值,应尽可能做到,简单、易整定,,
5.11.5,变电所设计和电气设备的安装,并应符合,现行国家标准《电力设施抗震设计规范》GB50260的规定,,
5.11.5,保护装置,必须具有,事故与故障记录功能,,
5.11.5,保护装置,必须具有,事故与故障记录功能，以记录保护的动作过程,,
5.11.5,保护装置,必须具有,事故与故障记录功能，以记录保护的动作过程，为进行事故与故障分析,,
5.11.7,变电所设计和电气设备的安装,应采取,措施,,
5.11.8,变电所,保护装置,应配置,,
5.11.8,变电所,保护装置,能与自动化系统相连的通信接口,,
5.11.8,变电所,保护装置,通信协议,,
5.11.8,变电所,保护装置,符合现行行业标准《变电站通信网络和系统第3部分：总体要求》DL/T860.3的相关规定,,
5.11.8,变电所,保护装置,宜提供必要的功能软件,,
5.11.8,变电所,保护装置,通信及维护软,,
5.11.10,保护装置,不应要求,其交、直流输入回路外接抗干扰元件来满足有关电磁兼容标准的要求,,
5.11.11,保护装置的软件,应设有,安全防护措施,,
5.11.11,保护装置的软件,防止程序出现,不符合要求的更改,,
5.12.1,变电所设计和电气设备的安装,应符合,现行国家标准《电力设施抗震设计规范》GB50260的规定,,
5.12.1,变电所设计和电气设备的安装,应符合,国家标准《电力设施抗震设计规范》GB50260的规定,,
5.12.1,变电所设计和电气设备的安装,应采取,抗震措施,,
5.12.1,变电所设计和电气设备的安装,应符合,国家标准《电力设施抗,,
5.12.2,变电站综合自动化系统,应构建,分层、分布式体系结构,,
5.12.2,变电站综合自动化系统,系统由,主站层(如果设有)、变电站子站层、配电终端设备层构成,,
5.12.2,变电站综合自动化系统,系统主站安装在,主站机房,,
5.12.2,变电站综合自动化系统,配电子站安装于,配变电站二次设备室,,
5.12.3,变电所设计和电气设备的安装,并应符合,现行国家标准《电力设施抗震设计规范》GB50260的规定,,
5.12.3,变电所设计和电气设备的安装,应采取,抗震措施,,
5.12.3,变电所设计和电气设备的安装,应符合,现行国家标准《电力设施抗震设计规范》GB50260的规定,,
5.12.3,变电站综合自动化系统,宜采用,下列通信方式：1主站与子,,
5.12.4,变电所设计,应遵循,可靠、实用、经济的原则,,
5.12.4,变电站综合自动化系统,设计,应遵循可靠、实用、经济的原则,,
5.13.2,电流互感器,应符合,误差和保护动作特性要求,,
5.13.2,电流互感器,应满足,误差和保护动作特性要求,,
5.13.2,电流互感器,宜选用,P类产品,,
5.13.2,电流互感器,二次绕组额定电流,可根据工程实际需要选5A或1A,,
5.13.2,电流互感器,差动保护各侧的电流互感器,宜具有相同或相似的特性,,
5.13.3,变电所设计和电气设备的安装,应符合,现行国家标准《电力设施抗震设计规范》GB50260的规定,,
5.13.3,变电所设计和电气设备的安装,应符合,标准《电力设施抗震设计规范》GB50260的规定,,
5.13.3,变电所设计和电气设备的安装,应符合,《电力设施抗震设计规范》GB50260的规定,,
5.14.2,中央信号装置,应具备,下列功能,,
5.14.2,中央事故信号装置,应保证,在任何断路器事故跳闸时,,
5.14.2,中央事故信号装置,能瞬时发出,音响信号,,
5.14.3,变电所设计和电气设备的安装,并应符合,现行国家标准《电力设施抗震设计规范》GB50260的规定,,
5.14.3,在保护装置内,应设置,由信号继电器或其他元件等构成的指示信号,,
5.14.3,在保护装置内,且应在直流电压消失时不自动复归,或在直流恢复时仍能维持原动作状态,,
5.14.3,在保护装置内,并能分别显示,各保护装置的动,,
5.14.4,变电所设计和电气设备的安装,应采取,抗震措施,,
5.14.4,变电所设计和电气设备的安装,应符合,现行国家标准《电力设施抗震设计规范》GB50260的规定,,
5.14.4,变电所设计和电气设备的安装,应采取,抗震措施,,
5.14.4,变电所设计和电气设备的安装,应符合,国家标准《电力设施抗震设计规范》GB50260的规定,,
5.14.6,中央信号装置,可根据当地供电部门的要求,采用上述一种或两种装置的组合构成中央信号系统,,
5.15.1,电测量仪表的设置,应符合,现行国家标准《用能单位能源计量器具配备和管理通则》GB17167,,
5.15.1,电测量仪表的设置,应符合,现行国家标准《用能单位能源计量器具配备和管理通则》GB17167,,
5.15.1,电测量装置,宜包括,计算机监控系统的测量部分、常用电测量仪表以及其他数字式综合保护装置的测量部分,,
5.15.2,电流测量,应符合,下列规定,,
5.15.2,三相电流,基本平衡的回路,可采用一只电流表测量其中一相电流,,
5.15.2,下列回路,应测量,直流电流,,
5.15.3,变电所设计和电气设备的安装,应符合,现行国家标准《电力设施抗震设计规范》GB50260的规定,,
5.15.3,变电所设计和电气设备的安装,应符合,现行国家标准《电力设施抗震设计规范》GB50260的规定,,
5.15.3,变电所设计和电气设备的安装,应符合,现行国家标准《电力设施抗震设计规范》GB50260的规定,,
5.15.4,功率测量,应符合,下列规定,,
5.15.5,谐波监测,应符合,下列规定,,
5.15.5,谐波监测,1在谐波监测点,宜装设谐波电压和谐波电流测量仪表,,
5.15.5,谐波监测,谐波监测点应结合谐波源的分布布置,并应覆盖各个供电电压等级,,
5.16.1,电能计量装置的设置,应符合下列规定,1电能计量装置应满足供电、用电准确计量的要求,,
5.16.1,电能计量装置的设置,应按其计量对象的重要程度和计量电能的多少分类,并应符合下列规定,,
6.1.1,本节可适用于民用建筑自身供电需要,发电机额定电压,10kV及以下自备应急柴油发电机组和备用柴油发电机组的工程设计,,
6.1.4,变电所设计和电气设备的安装,应符合,现行国家标准《电力设施抗震设计规范》GB50260的规定,,
6.1.4,变电所设计和电气设备的安装,应符合,规范,,
6.1.4,电气设备,应符合,规范,,
6.1.6,附属设备的控制方式,应符合,下列规定: 1附属设备电动机的控制方式应与机组控制方式一致; 2柴油机冷却水泵宜采用就地控制和随机组运行联动控制; 3高位油箱供油泵宜采用就地控制或液位控制器进行自动控制。,,
6.1.6,附属设备的控制方式,应与机组控制方式一致,附属设备电动机的控制方式,,
6.1.7,控制室的位置,应便于,观察、操作和调度,,
6.1.7,控制室的位置,通风应良好,进出线应方便,,
6.1.7,控制室内,不应有,与其无关的管道通过,,
6.1.7,控制室内,不应安装,无关设备,,
6.1.7,控制室内控制屏,安装距离,和通道宽度应符合下列规定,,
6.1.7,控制屏正面操作宽度,单列布置时,不宜小于1.5m,,
6.1.8,变电所设计和电气设备的安装,应符合,现行国家标准《电力设施抗震设计规范》GB50260的规定,,
6.1.8,变电所设计和电气设备的安装,应符合,GB50260的规定,,
6.1.8,变电所设计和电气设备的安装,应符合,规范,,
6.1.8,变电所设计和电气设备的安装,应符合,设计规范,,
6.1.8,变电所设计和电气设备的安装,应符合,抗震设计规,,
6.1.9,变电所设计和电气设备的安装,并应符合,现行国家标准《电力设施抗震设计规范》GB50260的规定,,
6.1.9,变电所设计和电气设备的安装,应采取抗震措施,并应符合现行国家标准《电力设施抗震设计规范》GB50260的规定,,
6.1.9,发电机组的中性点,工作制应符合,下列规定：11kV及以下发电机中性点接地应符合下列要求,,
6.1.10,储油设施,应符合,下列规定：1当燃油来源及运输不便或机房内机组较多、容量较大时、宜在建筑物主体外设置不大于15m3的储油罐；2机房内应设置储油间、其总储存量不应超过1m3、并应采取相应的防火措施；3日用燃油箱宜高位布置、出油口宜高于柴油机的高压射油泵；4卸油泵和供油泵可共用,,
6.1.11,发电机房,需要,良好的通风,,
6.1.11,机房,应有,出入口,,
6.1.11,门,应为,甲级防火门,,
6.1.11,发电机间,应采取,防火、隔声措施,,
6.1.11,储油间,应采取,防火墙与发电机间隔开,,
6.1.11,机组基础,应采取,减振措施,,
6.1.11,当机房,噪声控制,达不到现行国家标准《声环境质量标准》GB3096的规定时,,
6.2.1,应急电源装置,作为应急照明系统备用电源,选择和配电设计,,
6.3.1,本节,可适用于不间断电源装置,选择和配置,,
6.3.4,UPS容量,较大时,宜在电源侧采取高次谐波的治理措施,,
6.3.5,UPS的交流输入端,可配置,输入滤波器,,
6.3.6,UPS的交流输入端可配置输入滤波器,应符合规定,1满载负荷时：输入电流畸变率(THDi)宜小于5%、输入功率因数应大于0.93;2半载负荷时：输入电流畸变率(THDi)宜小于7%、输入功率因数应大于0.90,,
6.3.7,UPS输出端的隔离变压器,为TN-S、TT接地形式时,中性点应接地,,
6.3.8,UPS,应具有,标准通信接口,,
6.3.8,UPS,应对,第三方软件开放,,
6.3.9,UPS,应具有,对每节蓄电池监测的功能,,
6.3.9,UPS,应能,在监视屏上显示,,
6.3.10,变电所设计和电气设备的安装,应符合,现行国家标准《电力设施抗震设计规范》GB50260的规定,,
6.3.10,变电所设计和电气设备的安装,应符合,国家标准《电力设施抗震设计规范》GB50260的规定,,
6.3.11,UPS的输入电源,直接由自备柴油发电机组提供时,其与柴油发电机容量的配比,,
6.3.11,蓄电池初装容量的供电时间,不宜小于,15min,,
7.1.1,本章,可适用于,民用建筑工频交流电压1000V及以下的低压配电设计,,
7.1.2,低压配电系统的设计,应根据,工程的种类、规模、负荷性质、容量及可能的发展等综合因素确定,,
7.1.2,重要工程,宜采用,智能配电系统,,
7.1.3,变电所设计和电气设备的安装,应采取抗震措施,并应符合,,
7.1.3,变电所设计和电气设备的安装应采取抗震措施,并应符合,现行国家标准《电力设施抗震设计规范》GB50260的规定,,
7.1.3,确定低压配电系统时,应符合,下列要求:1供电可靠、保证电能质量和减少电能损耗;2系统接线简单可靠并具有一定灵活,,
7.1.5,低压配电设计,除应符合本标准外,尚应符合现行国家标准《低压配电设计规范》GB50054的规定,,
7.2.1,变电所设计和电气设备的安装,应符合,现行国家标准《电力设施抗震设计规范》GB50260的规定,,
7.2.3,变电所设计和电气设备的安装,并应符合,现行国家标准《电力设施抗震设计规范》GB50260的规定,,
7.2.4,供避难场所使用的用电设备,应从变电所采用,放射式专用线路配电,,
7.2.6,变电所设计和电气设备的安装,应符合,现行国家标准《电力设施抗震设计规范》GB50260的规定,,
7.2.6,公共建筑的消防及其他防灾用电设施的供配电,应符合,本标准第13章的有关规定,,
7.3.1,特低电压,作为保护措施,包括安全特低电压,,
7.3.1,特低电压,作为保护措施,包括保护特低电压,,
7.3.1,特低电压,电压,不超过《建筑物电气装置的电压区段》GB/T18379-2011规定的电压区段I的上限值,,
7.3.2,变电所设计和电气设备的安装,应符合,现行国家标准《电力设施抗震设计规范》GB50260的规定,,
7.3.2,变电所设计和电气设备的安装,应符合,国家标准《电力设施抗震设计规范》GB50260的规定,,
7.3.2,符合下列要求之一的设备,可作为,特低电压(ELV)配电系统的电源,,
7.3.4,当安全特低电压和保护特低电压回路的标称电压超过交流25V或电气设备被液体浸没时,应采取,下列保护措施之一,,
7.3.4,当安全特低电压和保护特低电压回路的标称电压超过交流25V或电气设备被液体浸没时,带电部分应完全用绝缘层覆盖,且只有采取破坏性手段才能除去该绝缘层；,,
7.3.5,变电所设计和电气设备的安装,应符合,现行国家标准《电力设施抗震设计规范》GB50260的规定,,
7.4.3,变电所设计和电气设备的安装,应符合,现行国家标准《电力设施抗震设计规范》GB50260的规定,,
7.4.5,变电所设计和电气设备的安装,应符合,现行国家标准《电力设施抗震设计规范》GB50260的规定,,
7.4.5,变电所设计和电气设备的安装,应符合,国家标准《电力设施抗震设计规范》GB50260的规定,,
7.4.5,变电所设计和电气设备的安装,应符合,标准《电力设施抗震设计规范》GB50260的规定,,
7.4.6,电气装置外可导电部分,严禁用作,保护接地导体(PEN),,
7.5.1,低压电器的选择,应符合,下列规定：1选用的电器应满足下列要求：1)电器的额定电压、额定频率应与所在回路标称电压及标称频率相适应；2)电器的额定电流不应小于所在回路的计算电流；3))电器应适应所在场所的环境条件；4,,
7.5.4,自动转换开关电器,应根据,配电系统的要求,,
7.5.4,自动转换开关电器,应满足,现行国家标准《低压开关设备和控制设备第6-1部分：多功能电器转换开关电器》GB/T14048.11的有关规定,,
7.5.4,自动转换开关电器,转换动作时间,满足负荷允许的最大断电时间的要求,,
7.6.3,突然断电比过负荷造成损失更大的线路,不应设置,过负荷保护,,
7.6.4,配电线路的过负荷保护,应符合,下列规定：1过负荷保护电器宜采用反时限特性的保护电器，其分断能力可低于保护电器安装处的短路电流值，但应能承受通过的短路能量，并应符合本标准第7.6.2条的要求。,,
7.6.4,配电线路的过负荷保护,应符合,下列规定：2过负荷保护电器的动作特性应同时满足下,,
7.6.5,配电线路的过电压及欠电压保护,应符合,本标准第11章的有关规定,,
7.7.1,低压配电系统的电击防护,应包括,基本保护(直接接触防护)、故障保护(间接接触防护)和特殊情况下采用的附加保护。,,
7.7.3,低压配电系统的电气设备,应采取,基本防护应符合下列规定：1带电部分应完全用绝缘层覆盖。绝缘应符合国家现,,
7.7.4,低压配电系统的电气装置,可采用,下列一种或多种保护措施,,
7.7.4,低压配电系统的电气装置,在故障情况下,自动切断电源,,
7.7.5,故障防护,应防止,人身间接电击以及电气火灾、线路损坏等事故,,
7.7.5,故障防护,应根据,配电系统的接地形式,,
7.7.5,故障防护,应与,保护接地导体连接,,
7.7.5,建筑物内应作总等电位联结,并符合,本标准第12.7节的规定,,
8.1.1,本章,可适用于,民用建筑室内外电缆线路及室内绝缘电线、封闭式母线槽等配电线路布线系统的选择和敷设,,
8.1.2,布线系统,应根据,建筑物结构、环境特征、使用要求、用电设备分布及所选用导体的类型等因素综合确定,,
8.1.3,布线系统选择与敷设,应避免,因环境温度、外部热源以及非电气管道等因素对布线系统带来的损害,,
8.1.3,布线系统选择与敷设,应防止,在敷设过程中因受撞击、振动、电线或电缆自重和建筑物变形等各种机械应力带来的损害,,
8.1.4,金属导管、可弯曲金属导管、刚性塑料导管(槽)及电缆桥架等布线,应采用,绝缘电线和电缆,,
8.1.4,金属导管、可弯曲金属导管、刚性塑料导管(槽)及电缆桥架等布线,不宜同管(槽)敷设,当同管(槽)敷设时,,
8.1.4,金属导管、可弯曲金属导管、刚性塑料导管(槽)及电缆桥架等布线,应采取,隔离,,
8.1.5,同一配电回路的所有相导体、中性导体和PE导体,应敷设在,同一导管或槽盒内,,
8.1.6,在有可燃物的闷顶和封闭吊顶内明敷的配电线路,应采用,金属导管或金属槽盒布线,,
8.1.8,电线导管,敷设在,钢筋混凝土现浇楼板内,,
8.1.8,电线导管,最大外径,不宜大于板厚的1/3,,
8.1.8,电线导管,暗敷设在,楼板、墙体内,,
8.1.8,电线导管,与楼板、墙体表面的外护层厚度,不应小于15mm,,
8.2.1,直敷布线,可适用于,建筑配电线路改造及室内场所,,
8.2.3,建筑物顶棚内、墙体及顶棚的抹灰层、保温层及装饰面板内,不应采用,直敷布线,,
8.3.1,金属导管布线,可适用于,室内外场所,,
8.3.1,金属导管布线,不应用于,对金属导管有严重腐蚀的场所,,
8.3.2,变电所设计和电气设备的安装,应采取抗震措施,并应符合现行国家标准《电力设施抗震设计规范》GB50260的规定,,
8.3.2,金属导管,明敷于潮湿场所或埋于素土内,管壁厚度不小于2.0mm的钢导管,,
8.3.2,金属导管,明敷或暗敷于干燥场所,管壁厚度不小于1.5mm的镀锌钢导管,,
8.3.3,穿金属导管的绝缘电线,其总截面积,不应超过导管内截面积的40%,,
8.3.4,除下列情况外，不同回路的线路,不宜穿于同一根金属导管内:,,,
8.3.4,1标称电压为50V及以下的回路；,2同一用电设备或同一联动系统设备的主回路和无电磁兼容要求的控制回路；,3同一照明灯具的若干个回路。,,
8.3.6,当金属导管布线的管路较长或转弯较多时,宜加装,拉线盒(箱,,
8.3.6,当金属导管布线的管路较长或转弯较多时,也可加大,管径,,
8.3.7,金属导管暗敷布线,当穿过建筑物基础时,应加防水套管保护,,
8.3.7,金属导管暗敷布线,当穿过建筑物变形缝时,应设补偿装置,,
8.3.8,绝缘电线穿金属导管在室外埋地敷设时,应采用,壁厚不小于2.0mm的热镀锌钢导管,,
8.3.8,绝缘电线穿金属导管在室外埋地敷设时,并采取,防水、防腐蚀措施,,
8.3.8,绝缘电线穿金属导管在室外埋地敷设时,引出地(楼)面的管路应采取,防止机械损伤的措施,,
8.4.5,当可弯曲金属导管布线的线路较长或转弯较多时,宜加装,拉线盒(箱),,
8.4.5,当可弯曲金属导管布线的线路较长或转弯较多时,也可加大,管径,,
8.5.1,电缆桥架,可适用于,民用建筑正常环境的室内外场所的电缆或电线敷设,,
8.5.2,在有腐蚀或特别潮湿的场所采用电缆桥架布线时,应根据腐蚀介质的不同采用,塑料桥架或采取相应防护措施的钢制桥架,,
8.5.5,电缆桥架多层敷设,层间距离,应满足敷设和维护需要，并符合下列规定,,
8.5.7,在电缆桥架内,可无间距敷设电缆,"在托盘内敷设电缆时
8.5.7,电缆总截面积与托盘内横断面积的比值,不应大于,40%
8.5.8,槽盒内电缆的总截面积,不应超过,槽盒内截面积的40%
8.5.8,槽盒内电缆的总截面积,包括外护层,不应超过槽盒内截面积的40%
8.5.8,电缆根数,不宜超过,30根
8.5.9,控制和信号线路,可视为非载流导体,其电缆或电线的总截面积不应超过槽盒内截面积的50%
8.5.10,有电磁兼容要求的线路与其他线路,应采用,金属隔板隔离
8.5.10,有电磁兼容要求的线路与其他线路,采用,屏蔽电缆或电线
8.5.11,电线或电缆,在槽盒内,不宜设置接头
8.5.12,电缆桥架,不得在穿过楼板或墙体等处,进行连接
8.5.13,下列不同电压、不同用途的电缆,不宜敷设在同一层或同一个桥架内,11kV以上和1kV以下的电缆
8.5.13,下列不同电压、不同用途的电缆,不宜敷设在同一层或同一个桥架内,2向同一负荷供电的两回路电源电缆
8.5.13,下列不同电压、不同用途的电缆,不宜敷设在同一层或同一个桥架内,3应急照明和其他照明的电缆
8.5.14,电缆桥架,不宜敷设,气体管道和热力管道的上方及液体管道的下方
8.5.15,电缆桥架与各种管道平行或交叉时,其最小净距,符合表8.5.15的规定
8.5.15,电缆桥架与各种管道的最小净距,平行净距,交叉净距
8.5.15,一・般工.艺管道,0.4,0.3
8.5.15,具有腐蚀性气体管道,0.5,0.5
8.5.16,电缆桥架转弯处的弯曲半径,不应小于桥架内电缆最小允许弯曲半径的最大值,.
8.5.16,电缆桥架转弯处的弯曲半径,各种电缆最小允许弯曲半径,不应小于本标准表8.7.1的规定
8.5.18,金属电缆桥架,应与保护联结导体可靠连接,且全长不应少于2处接地
8.5.18,高分子合金电缆桥架、玻璃钢桥架,可以不,接地
8.6.1,刚性塑料导管(槽)布线,可适用于,室内外场所和有酸碱腐蚀性介质的场所
8.6.1,刚性塑料导管(槽)布线,在高温和易受机械损伤的场所,不宜采用明敷设
8.6.2,抗震措施,并应,符合现行
8.6.6,电缆、电线,不得有,接头
8.6.6,电缆、电线,分支接头,应在接线盒内进行
8.6.6,室外埋地部分,不得采用,塑料槽盒
8.6.8,当刚性塑料导管布线的管路较长或转弯较多时,宜加装,塑料接线盒、拉线盒(箱)或加大管径
8.6.10,刚性塑料导管(槽盒),在穿过建筑物变形缝时,应装设补偿装置
8.6.11,刚性塑料导管(槽盒)布线,在线路连接、转角、分支及终端处,应采用专用附件
8.7.5,变电所设计和电气设备的安装,应符合现行国家标准,GB50260的规定
8.8.1,电气设备的安装,应符合,国家标准《电力设施抗震设计规范》GB50260的规定
8.8.1,电气设备的安装,应采取,抗震措施
8.8.1,预制分支电缆布线,可适用于,高层、多层及大型公共建筑物室内低压树干式配电系统
8.8.4,当预制分支电缆的主电缆采用单芯电缆用于交流电路时,电缆的固定用夹具应选用专用附件,严禁使用封闭导磁金属夹具
8.8.5,预制分支电缆布线,应防止,在电缆敷设和使用过程中
8.8.5,预制分支电缆布线,应防止,因电缆自重和敷设过程中的附加外力等机械应力作用而带来的损害
8.9.1,耐火电缆和矿物绝缘电缆布线,可适用于,民用建筑中有耐火要求的场所
8.9.1,耐火电缆和矿物绝缘电缆,应具有,难燃性能
8.9.4,耐火电缆和矿物绝缘电缆经过建筑物变形缝时,应预留,电缆的裕量
8.9.5,单芯耐火电缆和矿物绝缘电缆的钢质保护导管、槽盒、固定卡具及进出钢质配电柜(箱)处,应采取,切断磁路的措施
8.9.6,多根单芯耐火电缆和矿物绝缘电缆敷设时,应采用,减少涡流影响的排列方式
8.9.7,耐火电缆和矿物绝缘电缆,在穿过墙、楼板时,应采取
8.10.1,母线槽布线,可适用于,干燥和无腐蚀性气体的室内场所
8.10.5,母线槽水平敷设的支持点,间距不宜大于,2m
8.10.6,变电所设计和电气设备的安装,应采取,抗震措施
8.10.6,变电所设计和电气设备的安装,应符合,现行国家标准《电力
8.10.7,当母线槽直线敷设长度超过80m时,每50m～60m宜设置,膨胀节
8.10.8,母线槽的插接分支点,应设在,安全及安装维护方便的地方
8.10.10,母线槽外壳及支架,应做全长,不少于2处与保护联结导体相连
8.10.10,母线槽外壳及支架,水平为30m连接一次,垂直每三层楼连接一次
8.11.3,竖井的井壁,应为,耐火极限不低于1h的非燃烧体
8.11.3,竖井,在每层楼应设维护检修门并应开向公共走廊,其耐火等级不应低于丙级
8.11.3,竖井内各层钢筋混凝土楼板或钢结构楼板,应做防火密封隔离,线缆穿过楼板或井壁应采用与楼板、井壁耐火等级相同的防火堵料封堵
8.11.6,竖井内垂直布线,应根据,下列因素确定
8.11.7,变电所设计和电气设备的安装,应采取抗震措施,并应符合
8.11.7,竖井内高压、低压和应急电源的电气线路之间应保持,不小于0.3m的距离或采取隔离措施,并且高压线路应设有明显标志。
8.11.8,非消防负荷与消防负荷的配电线路共井敷设时,应提高,消防负荷配电线路的耐火等级或非消防负荷的配电线路阻燃等级
8.11.10,高度250m及以上的公共建筑,宜增设,一个强电竖井
8.11.10,高度250m及以上的公共建筑,可与弱电增设的竖井合用,供备用电源线路及应急防灾系统的备份缆线使用
8.11.11,竖井内应设,电气照明及,单相三孔电源插座
8.11.12,竖井内应设置接地端子或接地干线,应设置,接地端子或接地干线
8.11.13,竖井内,不应有,与其无关的管道通过
8.11.14,竖井内各类布线,应分别符合本章各节的有关规定,.
8.12.1,铝合金电缆在室内场所敷设,宜采用,电缆梯架、托盘、支架或吊架等方式明敷设
8.12.1,铝合金电缆在室内场所敷设,并应符合,下列规定：1非铠装型电缆在有可燃物吊顶内敷设时，应采用金属槽盒敷设；无吊顶时，可采用槽盒、托盘、梯架敷设；2铠装型电缆宜采用梯架、支架或吊架等明敷方式敷
8.12.2,铝合金电缆在室外场所敷设,可采用,电缆沟、电缆隧道、直埋或电缆排管等方式敷设
8.12.3,变电所设计和电气设备的安装,并应符合,现行国家标准《电力设施抗震设计规范》GB50260的规定
8.12.3,铝合金电缆敷设时,弯曲半径,不应小于表8.12.3的规定
8.12.4,变电所设计和电气设备的安装,应采取抗震措施,并应符合
8.12.4,铝合金电缆沿梯架、托盘、支架或吊架敷设,电缆支撑点或固定点间的距离,不应大于表8.12.4的规定
8.12.4,铝合金电缆沿梯架、托盘、支架或吊架敷设,电缆支撑点或固定点间的最大距离,mm
8.12.5,铝合金电缆与断路器连接或T接分支,应选用,适配的铜铝过渡端子(接头)连接
8.12.6,采用镀锡转接铜排与断路器连接时,应符合,下列规定：1根据载流量确定转接铜排的最小规格；2使用相间安全隔板保护。
8.13.1,变电所设计和电气设备的安装,并应符合,现行国家标准《电力设施抗震设计规范》GB50260的规定
8.13.2,照明母线槽,可吊装于吊顶内部,也可侧装于建筑物或构筑物墙体表面
8.13.2,照明母线槽,固定点间距应均匀,固定点距离不宜大于3m
8.13.3,照明母线槽,应能悬挂灯具,承重能力不应低于所悬挂灯具的重量
8.13.4,照明母线槽分接单元选型,应考虑,母线干线的三相负荷平衡
8.13.5,母线槽穿越建筑物或构筑物的变形缝处或水平直线段需标高变位时,应采用,制造厂提供的柔性连接部件
9.1.1,本章,可适用于,民用建筑中1kV及以下常用用电设备电气装置的配电设计
9.1.2,常用用电设备电气装置的配电设计,应采用,效率高、能耗低、性能先进并符合相应产品能效标准及节能评价值要求的电气产品
9.2.1,本节可适用于,额定功率0.55kW及以上、额定电压不超过1kV的,一般用途电动机
9.2.2,当电动机使用地点的海拔、冷却介质温度与规定的工作条件不同时，其额定功率应按制造厂的资料予以校正。,当电动机使用地点的海拔、冷却介质温度与规定的工作条件不同时，,其额定功率应按制造厂的资料予以校正。
9.2.3,具有主用、备用成组设备的二次控制回路电源,应分别设置,并应由各自的保护装置保护
9.2.4,电动机启动时,其端子电压,应能保证机械要求的启动转矩
9.2.6,电动机的启动,应与,调速方式匹配
9.2.8,直流电动机,宜采用,调节电源电压或电阻器降压启动
9.2.8,直流电动机,应符合,下列规定: 1启动电流不应超过电动机的最大允许电流或制造厂的规定值; 2启动转矩和调速特性应满足机械的要求
9.2.9,交流电动机,应装设,短路保护
9.2.9,交流电动机,应装设,接地故障保护
9.2.9,交流电动机,应根据,用途分别装设过负荷与断相保护
9.2.10,变电所设计和电气设备的安装,应符合,现行国家标准《电力设施抗震设计规范》GB50260的规定
9.2.12,电动机的短路保护器件,应采用,短路保护器件兼作间接电击防护中的接地故障保护
9.2.12,水泵房中的生活水泵电动机,应加装,灵敏度为300mA的剩余电流动作保护器做接地故障保护
9.2.13,变电所设计和电气设备的安装,应符合,现行国家标准《电力设施抗震设计规范》GB50260的规定
9.2.13,变电所设计和电气设备的安装,应符合,国家标准《电力设施抗震设计规范》GB50260的规定
9.2.13,交流电动机的过负荷保护,应按下列规定装设,1连续运行的电动机
9.2.13,交流电动机的过负荷保护,应按下列规定装设,2对
9.2.15,变电所设计和电气设备的安装,应采取,抗震措施
9.2.15,变电所设计和电气设备的安装,应符合,国家标准《电力设施抗震设计规范》GB50260的规定
9.2.16,直流电动机应装设短路保护,并应根据需要装设,过负荷保护、堵转保护
9.2.17,交流电动机的主回路,应由,隔离电器、短路保护电器、控制电器、过负荷保护电器、附加保护器件和线缆等组成
9.2.19,变电所设计和电气设备的安装,应采取抗震措施,并应符合现行国家标准《电力设施抗震设计规范》GB50260的规定
9.2.20,交流电动机主回路的短路保护电器性能,应符合,本标准第9.2.10条的规定
9.2.21,变电所设计和电气设备的安装,应符合,现行国家标准《电力设施抗震设计规范》GB50260的规定
9.2.21,变电所设计和电气设备的安装,应符合,国家标准
9.2.21,变电所设计和电气设备的安装,应符合,国家标准《电力设施抗震设计规范》GB50260
9.2.21,变电所设计和电气设备的安装,应符合,《电力设施抗震设计规范》
9.2.22,变电所设计和电气设备的安装,应符合,现行国家标准《电力设施抗震设计规范》GB50260的规定
9.2.23,电动机的控制回路,宜装设,隔离电器和短路保护电器
9.2.23,电动机的控制回路,可不另装设,当主回路短路保护电器的额定电流不超过20A、控制回路断电不会造成严重后果时
9.2.23,电动机的控制回路,应安全、可靠，简单适用,并应符合下列要求: 1)TN和TT系统中的控制回路发生故障时，应能防止电动机意外启动和无
9.3.1,变电所设计和电气设备的安装,并应符合,现行国家标准《电力设施抗震设计规范》GB50260的规定
9.3.2,客梯及客货兼用的电梯,均应具有,断电就近自动平层开门功能
9.3.4,变电所设计和电气设备的安装,并应,符合现行国家标准《电力设施抗震设计规范》GB50260的规定
9.3.4,变电所设计和电气设备的安装,应采取抗震措施,并应符合现行国家标准《电力设施抗震设计规范》GB50260的规定
9.3.5,电梯曳引机,应与电梯,分别设置保护
9.3.7,变电所设计和电气设备的安装,应符合,现行国家标准《电力设施抗震设计规范》GB50260的规定
9.3.7,当二类高层住宅中的客梯兼作消防电梯时,应符合,消防装置设置标准
9.3.7,当二类高层住宅中的客梯兼作消防电梯时,应采用,下列相应的应急操作
9.3.7,当二类高层住宅中的客梯兼作消防电梯时,应采用,下列相应的应急
9.3.8,电梯的控制方式,应根据,电梯的类别、使用场所条件及配置电梯数量等因素综合比较确定
9.4.1,对于出入人流量较大、探测对象为运动物体的场所,其自动旋转门的传感器宜采用,微波传感器
9.4.1,对于出入人流量较小的场所,其自动旋转门的传感器宜采用,红外传感器或超声波传感器
9.4.3,自动旋转门、电动门控制箱,应设置,在操作和维护方便处
9.4.3,自动旋转门、电动门控制箱,配出回路应设置,过负荷保护、短路保护和剩余电流动作保护电器
9.4.4,电动卷帘门控制箱,应设置,在卷帘门附近
9.4.6,自动旋转门、电动门和电动卷帘门的所有金属构件及附属电气设备的外露可导电部分,均应做,等电位联结
9.4.7,变电所设计和电气设备的安装,应符合,现行国家标准《电力设施抗震设计规范》GB50260的规定
9.4.7,电动开启窗,应满足,下列要求：1电动开启窗的启闭力应满足开启的工作负载要求
9.4.7,电动开启窗,当一个开窗器的启闭力不足以开启一扇窗时,应安装两个或多个开窗器；开窗器的防护等级应为IP54及以上；
9.5.1,舞台照明,每一回路的负载容量,应满足所选用的调光设备各回路输出容量的要求
9.5.2,舞台照明调光回路数量,应根据,剧场等级、规模确定
9.5.3,舞台照明配电,应采用,专用接插件连接
9.5.6,调光柜和舞台配电设备,应设在,靠近舞台的单独房间内
9.5.8,舞台照明负荷,宜采用,需要系数法计算
9.5.8,舞台照明负荷,需要系数Kx,宜符合表9.5.8的规定
9.5.8,表9.5.8舞台照明负荷需要系数舞台照明总负荷,需要系数Kx,≤50
9.5.9,舞台电动悬吊设备的控制,宜选用,带预选装置的控制器
9.5.9,舞台电动悬吊设备的控制,控制台的位置,可安装在舞台左侧的一层天桥上
9.5.9,舞台电动悬吊设备的控制,并宜设在,封闭的小间内
9.5.10,舞台电力传动设备的启动装置,可就地安装,控制电器可按需要设在便于观察机械运行的地方
9.5.11,舞台设备供电,可按,下列规定确定
9.5.11,照明或电力负荷总容量,P.――照明或电力负荷需要系数,Ky――裕量系数
9.5.12,变电所设计和电气设备的安装,应采取抗震措施,并应符合现行国家标准《电力设施抗震设计规
9.5.13,舞台用电设备,应根据,低压配电系统接地形式确定采用接地保护措施
9.5.14,变电所设计和电气设备的安装,应符合,现行国家标准《电力设施抗震设计规范》GB50260的规定
9.5.14,电影放映设备,宜设交流稳压装置供电,供电电压偏差允许值宜为士5%
9.5.14,电影放映设备,应分别敷设,电源线与信号线等弱电线
9.5.14,电影放映室,不应影响,观众观看电影放映效果
9.6.2,变电所设计和电气设备的安装,应符合,现行国家标准《电力设施抗震设计规范》GB50260的规定
9.6.3,医用放射线设备的供电线路设计,应符合,下列规定
9.6.4,变电所设计和电气设备的安装,应符合,现行国家标准《电力设施抗震设计规范》GB50260的规定
9.6.4,变电所设计和电气设备的安装,应符合,国家标准《电力设施抗震设计规范》GB50260的规定
9.6.4,变电所设计和电气设备的安装,应符合,标准《电力设施抗震设计规范》GB50260的规定
9.6.5,X射线机供电线路导线截面积,应根据下列条件确定:,1单台X射线机供电线路导线截面积应按满足X射线机电源内阻要求选用，并应对选用的导线截面积进行电压损失校验；2多台X射线机共用同一条供电线路时，其共用部分的导线截面积，应按供电条件要求的电源内阻最小值X射线机确定的导
9.6.6,根据设备的使用要求,在同位素治疗室、电子加速器治疗室,应设置门、机联锁控制装置
9.6.7,NMR-CT机的扫描室的电气管线、器具及其支持构件,不得使用,铁磁物质或铁磁制品
9.6.7,NMR-CT机的扫描室的电气管线、器具及其支持构件,进入室内的电源电线、电缆,必须进行滤波
9.7.1,本节可适用于民用建筑室内外安装的交流充电桩,安装在室外的充电桩的防水防尘等级,不应低于IP65
9.7.2,变电所设计和电气设备的安装,应符合,现行国家标准《电力设施抗震设计规范》GB50260的规定
9.7.2,变电所设计和电气设备的安装,并应符合,现行国家标准《电力设施抗震设计规范》GB50260的规定
9.7.2,交流充电桩供电电源,应采用,单相
9.7.2,交流充电桩供电电源,应采用,交流220V电压
9.7.3,计算单台交流充电桩容量时需考虑充电机的功率因数和效率,计算多台交流充电桩总容量时尚需考虑,同时系数
9.7.7,安装在公共区域或停车场的交流充电桩,应采取以下一种或多种防撞击措施,1应避免安装在可预见有可能发生碰撞的场所
9.7.7,安装在公共区域或停车场的交流充电桩,应采取以下一种或多种防撞击措施,2设置机械防护措施
9.7.7,安装在公共区域或停车场的交流充电桩,应采取以下一种或多种防撞击措施,3设备防
9.7.8,变电所设计和电气设备的安装,应采取抗震措施,并应符合
9.7.9,变电所设计和电气设备的安装,应符合,现行国家标准《电力设施抗震设计规范》GB50260的规定
9.7.9,变电所设计和电气设备的安装,应符合,标准《电力设施抗震设计规范》GB50260的规定
9.7.9,交流充电桩电源进线，宜选用,燃烧性能不低于B2级、产烟毒性为tl级、燃烧滴落物/微粒等级为d1级的电线、电缆
9.8.1,电辐射供暖、电热缆的电气设计,应符合,下列规定
9.8.2,变电所设计和电气设备的安装,应符合,现行国家标准《电力设施抗震设计规范》GB50260的规定
9.8.2,变电所设计和电气设备的安装,应符合,标准《电力设施抗震设计规范》GB50260的规定
9.8.2,电伴热设备的每个发热电缆配电线路,应分别装设,过负荷保护、短路保护及剩余电流动作保护
9.8.4,升降停车设备的电气设计,应符合,下列规定
9.8.4,升降停车设备的配电线路,应装设,过负荷保护、短路保护及剩余电流动作保护
9.8.4,升降停车设备的金属导轨、金属构件及为其供电的电源,应设置,等电位联结
9.8.6,厨房设备的电气设计,应符合,下列规定: 1厨房设备的配电线路应装设过负荷保护、短路保护及剩余电流动作保护
9.8.6,厨房设备的电气设计,应符合,下列规定: 2厨房设备电源开关除设备上自带的开关外，宜布置在干燥、便于操作的场所，并满足安装场所相应的防护等级要求
10.1.1,在照明设计时,应根据,视觉要求、作业性质和环境条件
10.1.2,照明方案,应根据不同类型建筑对照明的特殊要求,处理好电气照明与天然采光的关系
10.1.2,照明方案,应根据不同类型建筑对照明的特殊要求,处理好照明器具与照明品质的关系
10.1.3,照明设计,应采用,高效光源和灯具及节能控制技术
10.1.3,照明设计,应采用,智能照明控制系统
10.1.4,变电所设计和电气设备的安装,应符合,现行国家标准《电力设施抗震设计规范》GB50260的规定
10.1.4,电气照明设计,应符合,本标准
10.1.4,电气照明设计,应符合,国家标准《建筑照明设计标准》GB50034的规定
10.1.4,电气照明设计,应符合,现行国家标准《建筑照明设计标准》GB50034的规定
10.2.2,变电所设计和电气设备的安装,应符合,现行国家标准《电力设施抗震设计规范》GB50260的规定
10.2.2,有警卫要求的建筑的下列场所应设置警卫照明,警卫区域周围的全部走道,通向警卫区域所在楼层的全部楼梯、走道
10.2.4,下列场所应设置应急照明,1需确保正常工作或活动继续进行的场所,备用照明
10.2.4,下列场所应设置应急照明,2需确保处于潜在危险之中的人员安全的场所,安全照明
10.2.4,下列场所应设置应急照明,3需确保人员安全疏散的出口和通道,疏散照明
10.2.5,变电所设计和电气设备的安装,应符合,现行国家标准《电力设施抗震设计规范》GB50260的规定
10.2.5,城市中的标志性建筑、大型商业建筑、具有重要社会影响的构筑物,宜设置,景观照明
10.2.7,变电所设计和电气设备的安装,应符合,现行国家标准《电力设施抗震设计规范》GB50260的规定
10.2.7,航空障碍标志灯的设置,应符合,下列规定：1航空障碍标志灯应装设在建筑物或构筑物的最高部位；当制高点平面面积较大或为建筑群时，除在最高端装设障碍标志灯外，还应在其外侧转角的顶端
10.2.8,变电所设计和电气设备的安装,应符合,现行国家标准《电力设施抗震设计规范》GB50260的规定
10.2.8,变电所设计和电气设备的安装,应符合,现行国家标准《电力设施抗震设计规范》GB50260的规定
10.2.8,在建筑物顶部设置高架直升机场时,应装设,直升机场灯标、目视定向引导灯光系统、目视进近坡度指示灯、
10.3.4,民用建筑室内一般照明光源色表,可根据其相关色温分为三类,其适用场所宜按表10.3.4选取
10.3.5,照明光源的颜色特征,与室内表面的配色,宜互相协调
10.3.5,照明光源的颜色特征,与室内表面的配色,应形成相应于房间功能的色彩环境
10.3.7,室内一般照明直接眩光的限制,应根据,光源亮度、光源和灯具的表观面积、背景亮度以及灯具位置等因素进行综合确定。
10.3.9,直接型灯具应控制视线内光源平均亮度与遮光角之间的关系,其最低允许值应符合,现行国家标准《建筑照明设计标准》GB50034的规定
10.3.10,变电所设计和电气设备的安装,并应符合,现行国家标准《电力设施抗震设计规范》GB50260的规定
10.4.1,正常照明失效,可能造成,重大财产损失和严重社会影响的场所
10.4.1,正常照明失效,妨碍,灾害救援工作进行的场所
10.4.4,备用照明的设置,应符合,下列规定：1备用照明宜与正常照明统一布置；2当满足要求时应利用正常照明灯具的部分或全部作为备用照明；3独立设置备用照明灯具时，其照明方式宜与正常照明一致或相类似。
10.4.5,变电所设计和电气设备的安装,应符合,现行国家标准《电力设施抗震设计规范》GB50260的规定
10.4.5,下列场所:人员处于非静止状态且周围存在潜在危险设施的场所；正常照明失效可能延误抢救工作的场所;人员密集且对环境陌生时、正常照明失效易引起恐慌骚乱的场所,应设置,安全照明
10.4.6,安全照明的照度标准值,应符合,下列规定:1医院手术室、重症监护室应维持不低于一般照明照度标准值的30%;2其他场所不应低于该场所一般照明照度标准值的10%且不应低于15lx。
10.4.8,当在一个场所同时存在备用照明和安全照明时,宜共用,同一组照明设施并满足二者中较高负荷等级与指标的要求
10.4.10,应急照明,在正常供电电源失效后,其备用电源供电转换时间应符合本标准第6.2.2条第6款的要求
10.5.1,应根据使用场所,合理地选择,照明光源的光效、显色性、寿命、启动点燃和再点燃时间等光电特性指标和环境条
10.5.2,室内一般照明和局部照明,应采用,高效光源
10.5.5,照度低于100lx的场所,宜采用,本标准表10.3.4中光源颜色分类为I类的光源
10.5.5,电气照明需要同天然采光结合时,宜选用,光源色温在4500K～6000K的光源
10.5.8,长时间视觉工作场所内照明光源的频闪指数,不应大于,10%
10.5.9,灯具的光度分布、类型、防护等级、造型尺度以及灯的表观颜色,应根据,环境条件和使用特点
10.5.10,当选用LED平面灯具时,均匀发光灯具的表面平均亮度不应大于,16000cd/m2
10.5.10,当选用LED平面灯具时,发光点阵灯具的表面平均亮度不应大于,3000cd/m2
10.5.11,在布置一般照明灯具时，其间距,不应大于,该灯具的允许距高比
10.5.13,在较高空间安装的灯具,宜采用,长寿命光源
10.5.13,在较高空间安装的灯具,或采取,延长光源寿命的措施
10.5.14,室内装修遮光隔栅的反射表面,应选用,难燃材料
10.5.14,室内装修遮光隔栅的反射表面,其反射比,不应低于0.7
10.5.15,照明灯具,应具备,完整的光电参数
10.5.15,照明灯具,其各项性能应分别符合,国家现行相关标准的规定
10.6.1,照明负荷等级和供电方案,应根据,照明负荷中断供电可能造成的影响及损失合理地确定
10.6.6,应急照明的供电,应符合,下列规定：1疏散照明、备用照明供电应符合本标准第13.7.15条的规定；2安全照明的备用电源应与该场所的供电线路分别接自不同变压器或不同馈电干线，必要时可采用蓄电池组供电。
10.6.7,在照明分支回路中,不宜采用,三相低压断路器对三个单相分支回路进行控制和保护
10.6.8,照明系统中的每一单相分支回路电流,不宜超过,16A
10.6.8,照明系统中的每一单相分支回路电流,所接光源数或LED灯具数,不宜超过25个
10.6.8,大型建筑组合灯具每一单相回路电流,不宜超过,25A
10.6.8,大型建筑组合灯具每一单相回路电流,光源数量,不宜超过60个
10.6.8,当采用小功率单颗LED灯时，仅需满足,回路电流的规定
10.6.9,当照明回路采用遥控方式时,应同时具有,解除遥控功能和手动控制的功能
10.6.11,变电所设计和电气设备的安装,应符合,现行国家标准《电力设施抗震设计规范》GB50260的规定
10.6.11,主要供给气体放电灯的三相配电线路,其中性线截面积应满足,不平衡电流及谐波电流的要求
10.6.11,主要供给气体放电灯的三相配电线路,其中性线截面积应满足,不应小于相线截面积
10.6.12,当采用带电感镇流器的气体放电光源,宜将同一灯具的相邻灯管(光源)或不同灯具,分接在不同相序的线路上
10.6.13,变电所设计和电气设备的安装,应采取,抗震措施
10.6.13,变电所设计和电气设备的安装,应符合,国家标准《电力设施抗震设计规范》GB50260的规定
10.6.13,照明装置采用安全特低电压供电时,应采用,安全隔离变压器
10.6.13,照明装置采用安全特低电压供电时,不应接地,且二次侧
10.6.14,不应将线路敷设,贴近高温灯具的上部,接入高温灯具的线路应采用耐热导线或采取其他隔热措施
10.6.15,变电所设计和电气设备的安装,并应符合,现行国家标准《电力设施抗震设计规范》GB50260的规定
10.6.16,走道、楼梯间、门厅等公共场所的照明,宜按建筑使用条件和天然采光状况采取分区、分组控制措施,并按使用需求采取降低照度的控制措施
10.6.20,楼梯间、走道、地下车库等场所,宜设置,红外或微波传感器实现照明自动点亮、延时关闭或降低照度的控制
10.6.21,门厅、大堂、电梯厅等场所,宜采用,夜间定时降低照度的自动控制装置
10.6.22,大型公共建筑,宜按,使用需求采用适宜的自动(含智能控制)照明控制系统
10.7.1,景观照明设计,应符合,国家现行有关标准的规定
10.7.1,景观照明设计,应符合,景观照明设计的总体要求
10.7.2,变电所设计和电气设备的安装,并应符合,现行国家标准《电力设施抗震设计规范》GB50260的规定
10.7.2,照明方式与亮度水平控制,宜符合,下列规定：1建筑物泛光照明光线的主投射方向宜与主视线方向构成30°~70°夹角
10.7.2,照明方式与亮度水平控制,应避免,单独使用色温高于6000K的光源
10.7.3,景观照明灯具,应根据安装环境选用,具有相应防护特性的产品
11.1.1,本章,可适用于,民用建筑物、构筑物的防雷设计
11.1.2,建筑物的防雷包括,雷电防护系统,雷电电磁脉冲防护系统
11.1.2,建筑物的防雷包括,雷电防护系统,LPS
11.1.2,建筑物的防雷包括,雷电防护系统,LPMS
11.1.2,建筑物的防雷包括,雷电防护系统,外部防雷装置
11.1.2,建筑物的防雷包括,雷电防护系统,内部防雷装置
11.1.3,建筑物金属构件,应与,防雷装置进行防雷等电位联结
11.1.3,电气装置的外露可导电部分,应与,防雷装置进行防雷等电位联结
11.1.3,建筑物内布线系统,应与,防雷装置进行防雷等电位联结
11.1.3,进出建筑物的金属管道,应与,防雷装置进行防雷等电位联结
11.1.4,建筑物防雷设计,应调查,地质、地貌、气象、环境等条件和雷电活动规律以及被保护物的特点等
11.1.4,建筑物防雷设计,采取,防雷措施
11.1.4,建筑物防雷设计,防止或减少,雷击建筑物所引发的人身伤亡和财产损失
11.1.4,建筑物防雷设计,防止或减少,雷电电磁脉冲引发的电气和电子系统的损坏
11.1.5,新建建筑物防雷,宜利用建筑物金属结构及钢筋混凝土结构中的钢筋等导体作为防雷装置,并根据建筑及结构形式与相关专业配合
11.1.6,建筑物防雷,不应采用,装有放射性物质的接闪器
11.1.7,建筑物年预计雷击次数的计算,应符合本标准附录B的规定,年平均雷暴日数应根据当地气象台(站)的资料确定
11.1.8,250m及以上建筑物,宜提高,防雷保护的技术要求
11.1.9,变电所设计和电气设备的安装,应符合,现行国家标准《电力设施抗震设计规范》GB50260的规定
11.1.9,变电所设计和电气设备的安装,应符合,标准《电力设施抗震设计规范》GB50260的规定
11.1.9,变电所设计和电气设备的安装,应符合,《电力设施抗震设计规范》GB50260的规定
11.2.2,民用建筑物,应划分,第二类和第三类防雷建筑物
11.2.4,变电所设计和电气设备的安装,应符合,现行国家标准《电力设施抗震设计规范》GB50260的规定
11.2.4,变电所设计和电气设备的安装,应采取,抗震措施
11.2.4,变电所设计和电气设备的安装,应符合,国家标准《电力设施抗震设计规范》GB50260的规定
11.2.4,变电所设计和电气设备的安装,应符合,现行国家标准《电力设施
11.3.1,第二类防雷建筑物外部防雷,应采取,防直击雷、防侧击雷的措施
11.3.1,第二类防雷建筑物外部防雷,内部防雷应采取,防闪电电涌侵入、防反击的措施
11.3.2,变电所设计和电气设备的安装,应符合,现行国家标准《电力设施抗震设计规范》GB50260的规定
11.3.2,变电所设计和电气设备的安装,应符合,现行国家标准《电力设施抗震设计规范》GB50260的规定
11.3.2,变电所设计和电气设备的安装,应符合,现行国家标准《电力设施抗震设计规范》GB50260的规定
11.3.3,当建筑物高度大于45m、小于250m时,应采取,下列防侧击措施
11.3.4,变电所设计和电气设备的安装,并应,符合现行国家标准《电力设施抗震设计规范》GB50260的规定
11.3.5,变电所设计和电气设备的安装,应符合,现行国家标准《电力设施抗震设计规范》GB50260的规定
11.3.5,变电所设计和电气设备的安装,应符合,标准《电力设施抗震设计规范》GB50260的规定
11.3.6,在金属框架或主要钢筋可靠连接的钢筋混凝土框架的建筑中,防雷引下线与金属物或线路之间的间隔距离,可无要求
11.3.6,在其他情况下，防雷引下线与金属物或线路之间的间隔距离,应符合下式要求:, Sal≥0.06KcLx
11.3.7,钢筋混凝土结构或为砖混结构但有钢筋混凝土组合柱和圈梁时,应利用,钢筋混凝土结构内的钢筋设置局部等电位联结端子板
11.3.8,当防雷接地网符合本标准第11.8.7条的要求时,应优先利用建筑物钢筋混凝土基础内的钢筋作为接地网,建筑物的防雷接地、保护接地、设备的工作接地等应共用接地网
11.3.8,当为专设防雷接地网时,接地网应围绕建筑物敷设成一个闭合环路,其冲击接地电阻不应大于10Ω
11.4.1,第三类防雷建筑物外部防雷,应采取,防直击雷、防侧击雷的措施
11.4.1,第三类防雷建筑物外部防雷,应采取,防直击雷、防侧击雷的措施
11.4.1,第三类防雷建筑物内部防雷,应采取,防闪电电涌侵入、防反击的措施
11.4.4,电缆进出线,应在进出端将电缆的金属外皮、金属导管等与电气设备接地相连,架空线转换为电缆时
11.5.1,天线铁塔,应采取,下列防雷措施
11.5.1,天线铁塔,应在,接闪杆保护范围内
11.5.1,天线铁塔,接闪杆,可固定在天线铁塔上
11.5.1,天线铁塔,塔身金属结构,可兼作接闪器和引下线
11.5.1,天线塔,位于机房旁边时,应在塔基四角外敷设铁塔接地网和闭合环形接地体
11.5.1,天线铁塔,防雷引下线,应与该接地网
11.5.2,天线铁塔上的天线馈线波导管或同轴传输线,应采取,下列防雷措施
11.5.5,雷达站的天线,另设接闪杆,以保护雷达天线时
11.5.7,变电所设计和电气设备的安装,应符合,现行国家标准《电力设施抗震设计规范》GB50260的规定
11.5.8,微波站、电视差转台、卫星通信地球站、广播电视发射台、雷达站、雷达测试调试场、移动通信基站等设施的站区内,严禁布设,架空缆线
11.5.9,雷达测试调试场,应埋设,环形水平接地体
11.5.9,雷达测试调试场,其地面上应预留,接地端子
11.5.11,对于不装防雷装置的所有建筑物和构筑物,应在进户处将绝缘子铁脚连同铁横担一起接到电气设备的接地网上,并应在室内总配电箱(柜)装设电涌保护器
11.5.13,屋面露天汽车停车场,应采用,接闪杆、架空接闪线(网)作接闪器
11.5.13,屋面露天汽车停车场,应使,屋面车辆和人员处于接闪器保护范围内
11.5.14,露天堆场,宜采取,防直击雷措施
11.5.14,露天堆场,当其年计算雷击次数大于或等于0.05时,宜采用独立接闪杆或架空接闪线防直击雷
11.5.14,露天堆场,独立接闪杆和架空接闪线保护范围的滚球半径h,可取100m
11.5.15,建筑物屋面及外立面安装的玻璃幕墙、光伏板等有金属框架的物体,应将其每个单元的金属框架,与建筑物防雷装置可靠连接
11.6.1,不得利用安装在接收无线电视广播的共用天线的杆顶上的接闪器保护建筑物,不得,利用
11.6.1,不得利用安装在接收无线电视广播的共用天线的杆顶上的接闪器保护建筑物,安装在接收无线电视广播的共用天线的杆顶上的接闪器,保护建筑物
11.6.2,建筑物防雷装置,可采用,接闪杆、接闪带(网)、屋顶上的永久性金属物及金属屋面作为接闪器
11.6.6,金属板,需要防雷击击穿,不锈钢、热浸镀锌钢和钛板的厚度不应小于4mm",铜板厚度不应小于5mm,铝板厚度不应小于7mm"
11.6.6,金属板,不需要防雷击击穿,"铅板的厚度不应小于2mm,不锈钢、热浸镀锌钢、钛和铜板的厚度不应小于0.5mm,铝板厚度不应小于0.65mm,锌板厚度不应小于0.7mm",,
11.6.6,金属板,应无,绝缘被覆层,,
11.6.7,变电所设计和电气设备的安装,并应符合,现行国家标准《电力设施抗震设计规范》GB50260的规定,,
11.6.7,变电所设计和电气设备的安装,并应符合,现行国家标准《电力设施抗震设计规范》GB50260的规定,,
11.6.7,变电所设计和电气设备的安装,并应符合,现行国家标准《电力设施抗震设计规范》GB50260的规定,,
11.6.8,钢制接闪器,宜,热浸镀锌,,
11.6.8,钢制接闪器焊接处,应涂,防腐漆,,
11.6.8,钢制接闪器,在腐蚀性较强的场所,还应加大其截面积或采取其他防腐措施,,
11.6.9,变电所设计和电气设备的安装,应,采取抗震措施,,
11.6.9,变电所设计和电气设备的安装,并应,符合现行国家标准《电力设施抗震设计规范》GB50260的规定,,
11.7.1,建筑物防雷装置,宜利用,建筑物钢结构或结构柱的钢筋作为引下线,,
11.7.2,当专设引下线时，宜采用,圆钢或扁钢。,,,
11.7.2,当专设引下线采用圆钢时，直径不应小于,8mm。,,,
11.7.2,当专设引下线采用扁钢时，截面积不应小于,"50mm2,
11.7.2,当专设引下线采用扁钢时,厚度不应小于,2.5mm。
11.7.3,除利用混凝土中钢筋作引下线外,引下线应热浸镀锌,焊接处应涂防腐漆
11.7.4,专设引下线宜沿建筑物外墙明敷设,并应以较短路径接地,建筑艺术要求较高者也可暗敷
11.7.4,专设引下线,宜沿建筑物外墙,明敷设
11.7.4,专设引下线,应以较短路径接地,建筑艺术要求较高者也可暗敷
11.7.7,在建筑物引下线附近,需采取,以下防接触电压和跨步电压的措施
11.7.8,变电所设计和电气设备的安装,应符合,国家标准《电力设施抗震设计规范》GB50260的规定
11.7.9,在易受机械损坏的地方，地面上1.7m至地面下0.3m的外露引下线,应加,保护设施
11.8.6,为降低跨步电压,人工防雷接地网距建筑物入口处及人行道,不宜小于3m","
11.8.6,当小于3m时,应采取下列措施之一: 1水平接地极局部深埋不应小于1m; 2水平接地极局部应包以绝缘物; 3采用沥青碎石地面或在接地网上面敷设50～80mm沥青层,其宽度不宜小于接地网两侧各2m
11.8.7,变电所设计和电气设备的安装, 应采取抗震措施, 并应符合现行国家标准《电力设施抗震设计规范》GB50260的规定
11.8.8,钢筋,敷设在钢筋混凝土中的单根钢筋,防雷装置
11.8.8,钢筋,直径,10mm
11.8.9,变电所设计和电气设备的安装,应符合,现行国家标准《电力设施抗震设计规范》GB50260的规定
11.8.9,变电所设计和电气设备的安装,应符合,国家标准
11.8.9,变电所设计和电气设备的安装,应符合,标准《电力设施抗震设计规范》GB50260的规定
11.8.9,变电所设计和电气设备的安装,应符合,标准
11.8.10,防雷装置的接地电阻,应计入,雷雨季节土壤干、湿状态的影响
11.8.11,在高土壤电阻率地区,宜采用,下列方法降低防雷接地网的接地电阻:
11.9.2,为减少雷电电磁脉冲的干扰,宜在建筑物和被保护房间的外部设屏蔽,合理选择敷设线路路径及线路屏蔽等措施
11.9.2,为减少雷电电磁脉冲的干扰,宜在建筑物和被保护房间的外部设屏蔽,合理选择敷
11.9.4,电涌保护器,当上级电涌保护器为开关型电涌保护器，次级电涌保护器采用限压型电涌保护器时，两者之间的线路长度应大于,10m
11.9.4,电涌保护器,当上级与次级电涌保护器均采用限压型电涌保护器时，两者之间的线路长度应大于,5m
11.9.5,配电线路用电涌保护器,应根据,工程的防护等级和安装位置
11.9.5,配电线路用电涌保护器,对电涌保护器的最大持续运行电压、冲击电流、放电电流、电压保护水平等参数,进行选择
11.9.5,配电线路用电涌保护器,电涌保护器,熄灭在雷电流通过后产生的工频续流
11.9.6,电涌保护器,应满足,能量配合要求
11.9.6,电涌保护器,在能量上配合,资料应由制造商提供
11.9.6,Ⅱ级试验的电涌保护器,其标称放电电流,不应小于5kA
11.9.6,Ⅲ级试验的电涌保护器,其标称放电电流,不应小于3kA
11.9.92,变电所设计和电气设备的安装,应符合,现行国家标准《电力设施抗震设计规范》GB50260的规定
11.9.92,变电所设计和电气设备的安装,应符合,国家标准《电力设施抗震设计规范》GB50260的规定
11.9.92,变电所设计,应采取,抗震措施
11.9.92,变电所设计,应符合,国家标准《电力设施抗震设计规范》GB50260的规定
11.9.11,电涌保护器安装线路上,应设置,过电流保护器件
11.9.11,过电流保护器件,应具备,如下能力: 1分断SPD安装线路的预期短路电流
11.9.11,过电流保护器件,应具备,如下能力: 2耐受通过SPD的电涌电流不断开
11.9.11,过电流保护器件,应具备,如下能力: 3分断SPD内置热保护所不能断开的工频电流
11.10.1,防雷装置使用的材料,及其应用条件,宜符合表11.10.1的规定
11.10.1,防雷装置的材料,及使用条件,在下列环境中能耐腐蚀
11.10.1,防雷装置的材料,及使用条件,在下列环境中增加腐蚀
11.10.1,防雷装置的材料,及使用条件,与下列材料接触形成直流电耦合可能受到严重腐蚀
11.10.2,变电所设计和电气设备的安装,并应符合,现行国家标准《电力设施抗震设计规范》GB50260的规定
12.1.1,变电所设计和电气设备的安装,并应,符合现行国家标准《电力设施抗震设计规范》GB50260的规定
12.1.1,本章可适用于，适用于,民用建筑交流标称电压35kV及以下电气装置的接地设计,和特殊场所的电气安全防护设计
12.1.2,交流电气装置的接地,应能满足,电力系统运行要求
12.1.2,交流电气装置的接地,并在故障时保证,人身和电气装置的安全
12.1.3,共用接地装置,应满足,各种接地的最小电阻值的要求
12.2.1,交流电气装置的接地,包括配电变压器中性点的系统接地和电气装置或设备的保护接地,。
12.2.2,交流电气装置或设备的外露可导电部分,应接地,1配电变压器的中性点和变压器、低电阻接地系统的中性点所接设备的外露可导电部分；2电机、配电变压器和高压电器等的底座和外壳；3发电机中性点柜的外壳、发电机出线柜、母线槽的外壳等；4配电、控制和保护用的柜(箱)等的金属框架；5预装式变电站
12.3.1,变电所设计和电气设备的安装,应符合,现行国家标准《电力设施抗震设计规范》GB50260的规定
12.3.2,变电所设计和电气设备的安装,应符合,现行国家标准《电力设施抗震设计规范》GB50260的规定
12.3.2,配电变压器安装,在该建筑物内,建筑物内应做总等电位联结
12.3.3,变电所设计和电气设备的安装,应符合,现行国家标准《电力设施抗震设计规范》GB50260的规定
12.3.3,变电所设计,应采取,抗震措施
12.3.3,变电所设计,应符合,国家标准《电力设施抗震设计规范》GB50260的规定
12.3.3,变电所设计,应符合,现行国家标准《电力设施抗震设计规范》GB50260的规定
12.3.4,高土壤电阻率地区,当达到上述接地电阻值困难时,可采用
12.3.4,高土壤电阻率地区,当达到上述接地电阻值困难时,可采用网格式接地网或深井加物理降阻剂等措施
12.4.1,低压配电系统的接地形式,可分为,TN、TT、IT三种类型
12.4.1,TN系统,又可分为,TN-C、TN-S与TN-C-S三种形式
12.4.2,低压配电系统的接地形式,应根据,系统电气安全防护的具体要求确定
12.4.4,电气装置的外露可导电部分,不得用作,保护接地导体(PE)的串联过渡接点
12.4.5,变电所设计和电气设备的安装,应符合,现行国家标准《电力设施抗震设计规范》GB50260的规定
12.4.7,单独敷设的保护接地导体(PE),最小截面积应符合,本标准第7.4.5条的规定。
12.4.8,保护接地导体(PE),可由下列一种或多种导体组成,1多芯电缆中的导体；2与带电导体共用外护物绝缘的或裸露的导体；3固定安装的裸露的或绝缘的导体；4满足动、热稳定电气连续性的金属电缆护套和同心导体电力电缆。
12.4.9,下列金属部分,不应作为保护接地导体(PE),金属水管
12.4.9,下列金属部分,不应作为保护接地导体(PE),含有气体、液体、粉末等物质的金属管道
12.4.9,下列金属部分,不应作为保护接地导体(PE),柔性或可弯曲的金属导管
12.4.9,下列金属部分,不应作为保护接地导体(PE),柔性的金属部件
12.4.9,下列金属部分,不应作为保护接地导体(PE),支
12.4.11,变电所设计和电气设备的安装,应符合,现行国家标准《电力设施抗震设计规范》GB50260的规定
12.4.11,TN接地系统,在TN接地系统中,PEN或PE导体对地
12.4.13,IT接地系统中包括中性导体在内的任何带电部分,严禁,直接接地
12.4.13,IT系统中的电源系统对地,应保持,良好的绝缘状态
12.4.13,IT系统,可在,外露可导电部分单独或集中接地
12.5.1,高压配电装置的接地电阻值,应根据,高压配电的系统接地形式和要求确定
12.5.2,变电所设计和电气设备的安装,应符合,现行国家标准《电力设施抗震设计规范》GB50260的规定
12.5.4,接地装置应优先利用,建筑物的自然接地体,当利用自然接地体和外设接地装置连接时
12.5.4,接地装置应优先利用,建筑物的自然接地体,应采用不少于两根导体在不同地点与接地装置连接
12.5.5,接地极的类型、材料和尺寸,应使其,在预期的使用寿命内满足耐腐蚀和机械强度的要求
12.5.6,变电所设计和电气设备的安装,应符合,现行国家标准《电力设施抗震设计规范》GB50260的规定
12.5.7,变电所设计和电气设备的安装,应符合,现行国家标准《电力设施抗震设计规范》GB50260的规定
12.5.8,铝导体,不应作为,埋设于土壤中的接地极和接地连接导体(线)
12.5.10,变电所设计和电气设备的安装,应符合,现行国家标准《电力设施抗震设计规范》GB50260的规定
12.5.10,变电所设计和电气设备的安装,应采取,抗震措施
12.5.10,变电所设计和电气设备的安装,应采取,措施
12.5.10,变电所设计和电气设备的安装,应采取,抗震
12.5.10,变电所设计和电气设备的安装,应符合,国家标准
12.5.11,建筑物各电气系统的接地,除另有规定外,应采用同一接地装置
12.5.14,避雷器的接地端子,应与设备外壳相连,。
12.5.15,架空线和电缆线路的接地,应符合下列规定：,1低压线路每处重复接地网的接地电阻不应大于10Ω。在电气设备的接地电阻允许达到10Ω的电力网中，每处重复接地的接地电阻值不应超过30Ω,且重复接地不应少于3处。2在非沥青地面的居民区内，35kV以下高压架空配电线路的钢筋混凝土电杆宜接地，金",,
12.6.1,变电所设计和电气设备的安装,并应符合,现行国家标准《电力设施抗震设计规范》GB50260的规定,,
12.6.1,变电所设计和电气设备的安装,应采取抗震措施,并应符合现行国家标准《电力设施抗震设计规范》GB50260的规定,,
12.6.1,插座应选择带有接地插孔的产品,当安装插座的接线盒为金属材质时,插座的接地插孔端子,,
12.6.2,移动式用电设备接地,应符合,下列规定,,
12.6.2,移动式用电设备接地,由固定式电源或移动式发电机以TN系统供电时,移动1式用电设备的外露可导电部分应与电源的接地系统有可靠的电气连接,,
12.7.1,建筑物内的保护接地导体和功能接地导体,应连接到,总接地端子,,
12.7.1,建筑物内的保护接地导体和功能接地导体,与建筑物的保护接地、功能接地和雷电防护的接地极,应相互连接,,
12.7.2,低压电气装置采用接地故障保护时,建筑物内的电气装置应采用,保护总等电位联结系统。,,
12.7.5,变电所设计和电气设备的安装,应符合现行,国家标准《电力设施抗震设计规范》GB50260的规定,,
12.7.5,变电所设计和电气设备的安装,应符合现行国家标准,《电力设施抗震设计规范》GB50260的规定,,
12.7.5,变电所设计和电气设备的安装,应符合现行国家标准《电力设施抗震设计规范》,GB50260的规定,,
12.7.6,在下列情况下应实施辅助等电位联结,1在局部区域,当自动切断供电的时间不能满足防电击要求,,
12.7.6,在下列情况下应实施辅助等电位联结,2在特定场所,需要有更低接触电压要求的防电击措施,,
12.7.7,电气装置外的可导电部分,可包括,钢筋混凝土结构的主钢筋,,
12.7.8,变电所设计和电气设备的安装,应采取抗震措施,并应符合现行国家标准《电力设施抗震设计规范》GB50260的规定,,
12.7.8,辅助等电位联结,应符合下列规定,1连接两个外露可导电部分的保护联结导体;2连接外露可导电部分和装置外可导电部分的保护联结导体,,
12.8.1,屏蔽接地系统,应符合,下列规定：,,
12.8.1,屏蔽接地可分为,静电屏蔽体接地、电磁屏蔽体接地、磁屏蔽体接地,三种系统,,
12.8.1,三种系统的接地电阻值,不宜大于,4Ω。,,
12.8.1,屏蔽室的接地,应在,电源进线处采用一点接地。,,
12.8.1,当电子设备之间采用多芯线缆连接时，屏蔽线缆的接地,应符合,下列规定,,
12.8.2,对于在使用过程中产生静电并对正常工作造成影响的场所,应采取,防静电接地措施,,
12.8.3,变电所设计和电气设备的安装,应符合,现行国家标准《电力设施抗震设计规范》GB50260的规定,,
12.8.3,变电所设计和电气设备的安装,应符合,标准《电力设施抗震设计规范》GB50260的规定,,
12.8.3,防静电接地,应满足,以下要求：1各种可燃气体、易燃液体的金属工艺设备、容器和管道均应接地；2移动时可,,
12.9.2,变电所设计和电气设备的安装,并应,现行国家标准《电力设施抗震设计规范》GB50260的规定,,
12.9.2,智能化系统机房内的电子设备,应进行,等电位联结并接地,,
12.9.3,智能化系统信号回路接地系统,采用S型接地、M型接地或SM混合型接地,根据电子设备的工作频率和接地导体长度,,
12.9.5,功能接地导体,采用,截面积不小于10mm2的铜材,,
12.9.5,功能接地导体,采用,相同电导的其他材质导体,,
12.9.6,智能化系统接地,宜采用,共用接地装置,,
12.9.6,智能化系统接地,接地电阻,不应大于1Ω,,
12.9.7,建筑物的总接地端子,可引出铜质接地干线,智能化系统装置应以最短距离与其连接后并接地,,
12.10.1,设计和电气设备的安装,应采取,抗震措施,,
12.10.1,设计和电气设备的安装,应符合,国家标准《电力设施抗震设计规范》GB50260的规定,,
12.10.1,浴盆、淋浴场所、游泳池、喷水池及其周围,需采取安全防护,由于人身电阻降低和身体接触地电位而增加电击危险,,
12.10.4,装有浴盆或淋浴器的房间,应按本标准第12.7.6条规定设置辅助保护等电位联结,将保护导体与外露可导电部分和可接近的外界可导电部分相连接,,
12.10.5,在装有浴盆或淋浴器的房间，0区用电设备,应满足,下列全部要求：1采用固定永久性的连接用电设备；2采用额定电压不超过交流12V或直流30V的SELV保护措施；3符合相关的产品标准，而且采用生产厂商使用安装说明中所适用的用电设备。,,
12.10.5,在装有浴盆或淋浴器的房间，0区用电设备,采用,固定永久性的连接用电设备；,,
12.10.6,变电所设计和电气设备的安装,应符合,现行国家标准《电力设施抗震设计规范》GB50260的规定,,
12.10.6,在装有浴盆或淋浴器的房间,在1区只能采用,固定永久性的连接用电设备,,
12.10.6,在装有浴盆或淋浴器的房间,并且采用,生产厂商使用安装说明中所适用的用电设备,,
12.10.7,在装有浴盆或淋浴器的房间,0区内不应装设,开关设备、控制设备和附件,,
12.10.9,在装有浴盆或淋浴器的房间,2区内开关设备、控制设备和附件安装,应满足下列要求:,,
12.10.12,游泳池在0区、1区和2区内的所有装置外可导电部分,应以,等电位联结导体,,
12.10.13,游泳池,0区内不应安装接线盒,在1区内只允许为SELV回路安装接线盒,,
12.10.15,游泳池水下或与水接触的灯具,应符合,现行国家标准《灯具第2-18部分：特殊要求游泳池和类似场所用灯具》GB7000.218的规定,,
12.10.15,位于符合水密要求的观察窗后面并从其后照射的水下灯具的安装,应做到,水下灯具的任何外露可导电部分和观察窗的任何可导电部分之间不存在有意或无意的导电连通,,
12.10.16,游泳池开关设备和控制设备,应符合,下列要求：1在0区内不应安装开关设备或控制设备以及电源插座。2在1区内只允许为SELV回路安装开关设备或控制设备以及电源插座，其供电电源安装在0区和1区之外，当在2区安装SELV的电源时，电源设备前的供电回路应采用额定剩余动作电流不超过30mA的剩余电流保护器(RC,,
12.10.18,允许人进入的喷水池,应执行,本章游泳池的规定,,
12.10.20,喷水池的0区和1区的电气设备,应是,不可能被触及的,,
12.10.20,电动泵,应符合,现行国家标准《家用和类似用途电器的安全泵的特殊要求》GB4706.66的规定,,
12.10.21,电气设备的安装,应符合,国家标准《电力设施抗震设计规范》GB50260的规定,,
12.10.21,电气设备的安装,应采取,抗震措施,,
12.10.21,电气设备的安装,应采取,抗震措施,,
12.10.21,喷水池应采用,符合现行国家标准,电缆,,
12.10.21,喷水池应采用,符合现行国家标准,导管,,
12.10.21,喷水池,允许人进入,电气设备的敷设,,
13.1.1,民用建筑内火灾自动报警系统、电气火灾监控系统、消防应急照明系统、消防电源及配电系统、配电线路布线系统,适用于,防火设计,,
13.1.2,在建筑电气防火设计中,应合理设置,火灾自动报警系统、消防应急照明系统、消防负荷供配电系统,,
13.1.2,在建筑电气防火设计中,应合理选择,非消防负荷配电线缆和通信线缆的燃烧性能等级,,
13.1.2,在建筑电气防火设计中,防止,火灾蔓延,,
13.1.3,建筑电气防火设计,应符合,现行国家标准《火灾自动报警系统设计规范》GB50116、《建筑设计防火规范》GB50016的有关规定,,
13.2.1,变电所设计和电气设备的安装,并应符合,现行国家标准《电力设施抗震设计规范》GB50260的规定,,
13.2.1,变电所设计和电气设备的安装,应采取抗震措施,并应符合现行国家标准《电力设施抗震设计规范》GB50260的规定,,
13.2.1,住宅建筑附设的商业服务网点,应符合,现行国家标准《建筑设计防火规范》GB50016的,,
13.2.2,变电所设计和电气设备的安装,应采取,抗震措施,,
13.3.1,火灾自动报警系统设计原则,应符合,下列要求：1设有火灾自动报警系统及联动控制的单体建筑或群体建筑,,
13.3.1,火灾自动报警系统设计原则,应设置,消防控制室,,
13.3.1,火灾自动报警系统设计原则,消防控制室宜设置在建筑物首层或地下一层,宜选择在便于通向室外的部位,,
13.3.3,高度超过100m的高层公共建筑,火灾自动报警系统设计,应符合下列规定:1裙房以上部分宜采用集中报警系统和区域报警系统组成的火灾自动报警系统,,
13.3.5,设有可燃气体探测器场所,应在探测器报警后自动关闭,可燃气体阀门,,
13.3.7,消防专用电话网络,应为,独立的消防通信系统,,
13.3.7,消防电话总机,应有,消防电话通话录音功能,,
13.3.7,消防通信系统,应采用,不间断电源供电,,
13.3.8,消防电源监控器,应设置在,消防控制室内,,
13.3.8,消防电源监控器,用于监控,消防电源的工作状态,,
13.3.8,消防电源监控器,故障时发出,报警信号,,
13.3.9,消防控制室的防雷与接地,应符合,本标准第23.5节的有关规定,,
13.4.2,变电所设计和电气设备的安装,应符合,现行国家标准《电力设施抗震设计规范》GB50260的规定,,
13.4.2,变电所设计和电气设备的安装,应符合,国家标准,,
13.4.2,变电所设计和电气设备的安装,应符合,标准《电力设施抗震设计规范》GB50260的规定,,
13.4.2,变电所设计和电气设备的安装,应符合,标准,,
13.4.3,常开防火门,联动控制,设计,,
13.4.3,常开防火门,所在防火分区,任意两只感烟探测器,,
13.4.4,防烟、排烟设施的联动控制设计,应符合,下列规定,,
13.4.5,变电所设计和电气设备的安装,应符合,现行国家标准《电力设施抗震设计规范》GB50260的规定,,
13.4.5,变电所设计和电气设备的安装,应符合,《电力设施抗震设计规范》GB50260的规定,,
13.4.5,火灾确认后,应自动打开,疏散通道上由门禁系统控制的门,,
13.4.5,火灾确认后,应自动打开,门厅的电动旋转门,,
13.4.6,变电所设计和电气设备的安装,应符合,现行国家标准《电力设施抗震设计规范》GB50260的规定,,
13.4.6,疏散照明应在消防控制室集中手动、自动控制,不得利用切断消防电源的方式直接强启疏散照明灯,。,,
13.4.8,非消防电源及电梯的联动控制,应符合,下列规定：1火灾确认后，应能在消防控制室切断火灾区域及相关区域的非消防电源；2火灾发生后，除超高层建筑中参与疏散人员的电梯外，其他客梯应依次停于首层或电梯转换层，并切断电源。,,
13.5.1,电气火灾监控系统,应由,下列部分或全部设备组成,,
13.5.1,电气火灾监控系统,1电气火灾监控器、接口模块；2剩余电流式电气火灾探测器；3测温式电气火灾探测器；4故障电弧探测器,。,,
13.5.5,电气火灾监控系统,设置了,电弧故障火灾探测器或限流式电气防火保护器,,
13.5.5,电气火灾监控系统,设置了,限流式电气防火保护器,,
13.5.5,储备仓库、电动车充电等场所的末端回路,应设置,限流式电气防火保护器,,
13.5.6,电气火灾监控系统的剩余电流动作报警值,宜为,300mA,,
13.5.8,采用独立式电气火灾监控设备的监控点数,不超过,8个时,,
13.5.8,可自行组成系统,也可采用编码模块接入火灾自动报警系统,。,,
13.5.9,电气火灾监控系统的控制器,应安装在建筑物的消防控制室内,宜由消防控制室统一管理,,
13.5.10,电气火灾监控系统的导线选择、线路敷设、供电电源及接地,应与,火灾自动报警系统要求相同,,
13.6.2,消防应急疏散照明的蓄电池组,在非点亮状态下,不得中断蓄电池的充电电源,,
13.6.2,疏散标志灯,平时应处于点亮状态,疏散照明灯可工作在非点亮状态,,
13.6.3,消防应急疏散照明系统的配电线路,应穿热镀锌金属管保护敷设在不燃烧体内,在吊顶内敷设的线路应采用耐火导线穿采取防火措施的金属导管保护,,
13.6.4,在机房或消防控制中心等场所设置的备用照明,当电源满足负荷分级要求时,不应采用蓄电池组供电,,
13.6.5,变电所设计和电气设备的安装,并应符合,现行国家标准《电力设施抗震设计规范》GB50260的规定,,
13.7.1,变电所设计和电气设备的安装,应,采取,,
13.7.1,火灾自动报警系统,应由,主电源和直流备用电源供电,,
13.7.1,火灾自动报警系统,应由,主电源和直流备用电源,,
13.7.1,火灾自动报警系统,应,由主电源和直流备用电源供电,,
13.7.2,消防联动控制设备的直流电源电压,应采用,24V安全电压,,
13.7.3,消防设备供电负荷等级,应符合,本标准附录A民用建筑中各类建筑物的主要用电负荷分级的规定,,
13.7.5,消防水泵、消防电梯、消防控制室的两个供电回路,供电,变电所或总配电室放射式,,
13.7.6,消防水泵、防烟风机和排烟风机,不得采用,变频调速器控制,,
13.7.7,民用建筑内的消防水泵,不宜,设置自动巡检装置,,
13.7.8,消防系统配电装置,应设置在,建筑物的电源进线处或配变电所处,,
13.7.8,消防系统配电装置,其应急电源配电装置宜与主电源配电装置分开设置,当分开设置有困难,,
13.7.8,消防系统配电装置,需要与主电源并列布置时,其分界处应设防火隔断,,
13.7.8,消防系统配电装置,应有,明显标志,,
13.7.9,当一级消防应急电源由低压发电机组提供时,应设自动启动装置,并应在30s内供电,,
13.7.9,当一级消防应急电源由低压发电机组提供时,应设自动启动装置,并应在30s内供电,,
13.7.10,变电所设计和电气设备的安装,应符合,现行国家标准《电力设施抗震设计规范》GB50260的规定,,
13.7.10,变电所设计和电气设备的安装,应符合,标准《电力设施抗震设计规范》GB50260的规定,,
13.7.10,消防用电设备配电系统的分支干线,宜按防火分区划分,分支线路不宜跨越防火分区,,
13.7.12,公共建筑物顶层,除消防电梯外的其他消防设备,可采用一组消防双电源供电,,
13.7.12,末端配电箱,引至设备控制箱,应采用放射式供电,,
13.7.14,除防火卷帘的控制箱外,消防用电设备的配电箱和控制箱,应安装在机房或配电小间内与火灾现场隔离。,,
14.1.2,安全技术防范系统,宜由,安防综合管理系统和相关子系统组成。,,
14.1.2,安全技术防范系统,子系统可包括,入侵报警系统、视频监控系统、出入口控制系统、电子巡查系统、停车库(场)管理系统、楼宇对讲系统等。,,
14.1.4,安全技术防范系统设计,宜采用,网络化、数字化技术,,
14.1.4,安全技术防范系统设计,系统设计前宜对项目,进行风险和安全需求分析,,
14.2.4,系统信号传输,宜采用,有线传输为主、无线传输为辅的方式,,
14.2.5,控制、显示记录设备,应符合,下列要求：1系统布防、撤防、报警、故障等信息的存储时间不应小于30d,,
14.2.5,控制、显示记录设备,应符合,下列要求：2系统应显示和记录发生的入侵事件、时间和地点；重要目标的入侵报警系统应有声音或视频复核功能,,
14.2.5,控制、显示记录设备,应符合,下列要求：,,
14.3.1,变电所设计和电气设备的安装,应符合,现行国家标准《电力设施抗震设计规范》GB50260的规定,,
14.3.1,视频监控摄像机的设防,应符合,下列规定：1周界宜配合周界入侵探测器设置监控摄像机；2公共建筑地面层出入口、门厅(大堂)、主要通道、电梯轿厢、停车库(场)行车道及出入口等应设置监控摄,,
14.3.3,数字视频监控系统,应符合,下列规定：1系统宜采用专用信息网络,,
14.3.3,数字视频监控系统,系统应满足,图像的原始完整性和实时性的要求,,
14.3.3,数字视频监控系统,传输的图像质量,"不宜低于4CIF(704×576),单路图像占用网络带宽不宜低于2Mbps",,
14.3.3,数字视频监控系统,视频编码设备应采用,主流编码,,
14.3.6,摄像机的设置,应符合,下列规定：1摄像机应设置在便于目标监视不易受外界损伤的位置,,
14.3.6,摄像机的设置,摄像机镜头应避免强光直射,宜顺光源方向对准监视目标,,
14.3.6,摄像机的设置,当必须逆光安装时,应选用具有逆光补偿功能的摄像机,,
14.3.7,监视视野狭长的区域,可选择,视角在30°以内的长焦(望远)镜头,,
14.3.7,监视目标视距小而视角较大时,可选择,视角在55°以上的广角镜头,,
14.3.7,景深大、视角范围广且被监视目标移动时,宜选择,变焦距镜头,,
14.3.7,在光照度变化范围相差100倍以上的场所,应选择,自动电子快门、自动光圈镜头，或选用具有宽动态功能的摄,,
14.3.8,系统的信号传输,应符合,下列规定,,
14.3.8,系统规模、系统功能、现场环境和管理方式综合考虑,宜采用有线传输方式,必要时可采用无线传输和有线传输混合方式,,
14.3.9,系统的控制设备,应具有,下列功能,,
14.3.10,显示设备的选择,应符合,下列规定,,
14.3.11,变电所设计和电气设备的安装,应符合,现行国家标准《电力设施抗震设计规范》GB50260的规定,,
14.3.13,系统宜采用,不间断电源供电,其蓄电池组供电时间不应小于1h,,
14.4.3,疏散通道上设置的出入口控制装置,必须与火灾自动报警系统联动,在火灾或紧急疏散状态下,,
14.4.4,系统前端识读装置与执行机构,应保证,操作的有效性和可靠性,,
14.4.4,系统前端识读装置与执行机构,宜具有,防尾随、防返传措施,,
14.4.8,系统管理主机,宜对系统中的有关信息,自动记录、打印、存储,,
14.4.10,系统宜独立组网运行,并宜具有,与入侵报警系统、视频监控系统联动的功能,,
14.4.11,当与一卡通联合设置时,应保证,出入口控制系统的安全性要求。,,
14.4.12,根据需要可在重要出入口处,设置,行李或包裹检查、金属探测、爆炸物探测等防爆安全检查设备,,
14.5.2,变电所设计和电气设备的安装,并应符合,现行国家标准《电力设施抗震设计规范》GB50260的规定,,
14.5.2,巡查站点,应设置,建筑物出入口、楼梯前室、电梯前室、停车库(场)、重要部位附近、主要通道及其他需要设置的地方,,
14.5.3,巡查站点识读器的安装,宜隐蔽,宜为1.4m,,
14.5.4,在线式电子巡查系统,宜独立设置,也可作为出入口控制系统或入侵报警系统的内置功能模块配合识读装置,,
14.5.4,在线式电子巡查系统,达到,实时巡查的目的,,
14.5.5,在线式电子巡查系统,应能及时报警,在巡查过程中发生意外情况,,
14.5.5,在线式电子巡查系统,应能联网,安防综合管理系统,,
14.5.6,在线式电子巡查系统,出现系统故障时,识读装置应能,,
14.5.8,变电所设计和电气设备的安装,并应,符合现行国家标准《电力设施抗震设计规范》GB50260的规定,,
14.5.8,变电所设计和电气设备的安装,应采取抗震措施,并应符合现行国家标准《电力设施抗震设计规范》GB50260的规定,,
14.6.1,停车库(场),宜设置,停车库(场)管理系统,,
14.6.2,车辆统计与车位显示,出口处收费显示,入口处,,
14.6.3,可根据管理需要,采用,编码凭证、车牌识别或读卡器方式对出入车辆进行管理,,
14.6.4,停车库(场)的入口区,应设置,出票读卡机、视频识别摄像机,,
14.6.4,停车库(场)的入口区,应设置,出票读卡机、视频识别摄像机,,
14.6.4,停车库(场)的出口区,应设置,验票读卡机、视频识别摄像机,,
14.6.4,停车库(场)的收费管理室,宜设置,出口区域,,
14.6.6,变电所设计和电气设备的安装,应符合,现行国家标准《电力设施抗震设计规范》GB50260的规定,,
14.6.7,电动栏杆机,识读控制宜采用,蓝牙通信技术或采用视频识别技术,,
14.6.7,电动栏杆机,联网设计,一卡通系统,,
14.6.8,停车库(场)管理系统,应具备,先进、灵活、高效等特点,,
14.6.8,停车库(场)管理系统,可利用,免取卡、临时卡、计次卡、储值卡等,,
14.6.8,停车库(场)管理系统,实行,全自动管理,,
14.6.9,车辆检测地感线圈,宜为,防水密封感应线圈,,
14.6.9,车辆检测地感线圈,其他线路,不得与地感线圈相交,,
14.6.9,车辆检测地感线圈,并应与其,保持不少于0.5m的距离,,
14.6.10,变电所设计和电气设备的安装,应符合现行,国家标准《电力设施抗震设计规范》GB50260的规定,,
14.6.10,变电所设计和电气设备的安装,应符合现行国家标准,国家标准《电力设施抗震设计规范》GB50260的规定,,
14.6.10,变电所设计和电气设备的安装,应符合现行国家标准《电力设施抗震设计规范》,国家标准《电力设,,
14.6.12,停车库(场)管理系统,应与,火灾自动报警系统联动,,
14.6.12,停车库(场)管理系统,在,火灾等紧急情况下联动打开电动栏杆机,,
14.7.1,变电所设计和电气设备的安装,应符合,现行国家标准《电力设施抗震设计规范》GB50260的规定,,
14.7.1,变电所设计和电气设备的安装,应符合,国家标准《电力设施抗震设计规范》GB50260的规定,,
14.7.1,楼宇对讲系统,宜由,访客呼叫机、用户接收机、管理机、电源等组成。,,
14.7.2,变电所设计和电气设备的安装,应符合,现行国家标准《电力设施抗震设计规范》GB50260的规定,,
14.7.3,访客呼叫机,宜安装,在入口防护门上或入口附近墙体上,,
14.7.3,访客呼叫机,安装高度底边距地,宜为1.3m,,
14.7.3,用户接收机,宜安装,在过厅侧墙或起居室墙上,,
14.7.3,用户接收机,安装高度底边距地,宜为1.3m,,
14.8.1,安全技术防范系统线缆,可穿导管敷设,亦可与建筑设备监控系统共用电缆槽盒布线,,
14.8.1,传输线路,应根据现场实际环境条件和容易遭受损坏或人为破坏等因素,采取有效的防护措施,,
14.8.2,传输线路布线设计,还应符合,本标准第13章、第26章的相关规定,,
14.9.1,变电所设计和电气设备的安装,应采取,抗震措施,,
14.9.1,变电所设计和电气设备的安装,并应,符合现行国家标准《电力设施抗震设计规范》GB50260的规定,,
14.9.1,设有集中监控要求的建筑,应设置,安防监控中心,,
14.9.1,安防监控中心,应配置,接收、显示、记录、控制、管理等硬件设备和管理软件,,
14.9.2,安防监控中心的使用面积,应与安防系统的规模相适应,不宜小于20m2,,
14.9.2,与消防控制室或智能化总控室合用时,其专用工作区面积,不宜小于12m2,,
14.9.3,安防监控中心接收、记录、电源装置等硬件设备,宜安装在,独立设备间内,,
14.9.3,安防监控中心接收、记录、电源装置等硬件设备,宜采取,散热和降噪措施,,
14.9.4,变电所设计和电气设备的安装,应符合,现行国家标准《电力设施抗震设计规范》GB50260的规定,,
14.9.4,安防监控中心,应设置为,禁区,,
14.9.4,安防监控中心,应有,保证自身安全的防护措施,,
14.9.4,安防监控中心,应有,进行内外联结的通信装置,,
14.9.4,安防监控中心,应设置,紧急报警装置,,
14.9.4,安防监控中心,应设置,留有,,
14.9.5,安防监控中心的设置、设备布置、环境条件及对土建专业的要求,应符合,本标准第23章的有关规定,,
14.9.6,变电所设计和电气设备的安装,并应,现行国家标准《电力设施抗震设计规范》GB50260的规定,,
14.9.6,供电电源、防雷与接地设计,应符合,下列规定：1安防监控中心宜设置专用配电箱；当与消防控制室合用机房，或与智能化总控室合用机房时，配电箱可合用；2防雷与接地应符合本标准第23章的有关规,,
14.10.1,安防综合管理系统设计,包括,集成系统和安防综合管理平台设计,,
14.10.1,安防综合管理系统设计,系统集成方式和集成范围,应根据建设单位需求、系统规模及安全管理规定等确定,,
14.10.4,视频监控系统,宜与火灾自动报警系统,实现联动,,
14.10.4,在火灾情况下,可自动将监视图像,切换至现场画面,,
14.10.5,变电所设计和电气设备的安装,应符合,现行国家标准《电力设施抗震设计规范》GB50260的规定,,
14.10.5,安防综合管理系统,应采用,成熟、稳定、具有简体中文界面的应用软件,,
14.10.5,安防综合管理系统,应具有,相应容量的数据库、相应的信息处理能力和管理能力,,
14.10.6,当安防综合管理系统发生故障时,各子系统应能独立运行,某一子系统的故障不应影响其他子系统的正常工作,,
14.11.1,大型公共建筑、超高层建筑,宜以,火灾自动报警系统和安全技术防范系统,,
14.11.1,大型公共建筑、超高层建筑,构建,数据库资源共享的应急响应系统,,
14.11.2,变电所设计和电气设备的安装,并应符合,现行国家标准《电力设施抗震设计规范》GB50260的规定,,
14.11.2,应急响应系统,应能对,火灾、自然灾害、安全事故等突发公共事件实时报警与分级响应,,
14.11.2,应急响应系统,及时掌握,事件情况向上级报告,,
14.11.2,应急响应系统,启动相应的,应急预案,,
14.11.3,应急响应系统,宜利用,建筑信息模型(BIM)的可视化分析决策支持系统,,
14.11.3,应急响应系统,应配置,有线或无线通信、指挥调度系统、紧急报警系统、消防与安防联动控制、消防与建筑设备联动控制、应急广播与信息发布联动播放等,,
14.11.4,应急响应系统,应纳入,建筑物所在区域应急管理体系,,
14.11.4,应急响应系统,符合,有关管理规定,,
14.11.4,应急响应系统,设备可设,安防监控中心内,,
15.1.1,有线电视系统的设计,应与,该地区基础设施规划及有线广播电视网络的发展相适应,,
15.1.2,变电所设计和电气设备的安装,应符合,现行国家标准《电力设施抗震设计规范》GB50260的规定,,
15.1.2,变电所设计和电气设备的安装,并应符合,现行国家标准《电力设施抗震设计规范》GB50260的规定,,
15.1.2,有线电视系统,应采用,成熟、先进的通信和网络技术,,
15.1.2,有线电视系统,系统应按,双向、交互、多业务网,,
15.1.3,自设卫星电视接收信号、自设节目源信号,宜与有线电视信号混合,传输,,
15.1.4,有线电视系统设计,应符合,本标准,,
15.1.4,有线电视系统设计,尚应符合,现行国家标准《有线电视网络工程设计标准》GB/T50200、《智能建筑设计标准》GB50314及有关标准的规定,,
15.2.1,民用建筑有线电视系统,应由自设前端或分配网络的接入点开始设计,并应明确系统的组网形式,有线电视信号接入点接口的技术参数,
15.2.2,变电所设计和电气设备的安装,应符合,现行国家标准《电力设施抗震设计规范》GB50260的规定,,
15.2.2,自设前端的民用建筑有线电视系统,宜将当地有线电视信号接至自设前端,设计时除应符合本标准第15.2.1条规定外,,
15.2.3,变电所设计和电气设备的安装,应符合,现行国家标准《电力设施抗震设计规范》GB50260的规定,,
15.2.3,变电所设计和电气设备的安装,应采取抗震措施,并应符合现行国家标准《电力设施抗震设计规范》GB50260的规定,,
15.2.5,有线电视系统,应根据系统的组网形式、用户终端的分布、数量设计接入点,接入点宜设置在用户终端密集区的中心位置,,
15.3.1,民用建筑有线电视系统的接入点,宜有标识,接入点位置宜便于系统接入和系统维护管理,,
15.3.2,变电所设计和电气设备的安装,应符合,现行国家标准《电力设施抗震设计规范》GB50260的规定,,
15.3.2,HFC组网的有线电视系统,下行信号宜引自,分前端、总前端或自设前端,,
15.3.2,IP组网的有线电视系统,下行信号宜引自,汇聚节点、核心节点或自设前端,,
15.3.3,变电所设计和电气设备的安装,并应,现行国家标准《电力设施抗震设计规范》GB50260的规定,,
15.3.3,有线电视系统的自设前端设备,宜设置,在有线电视前端机房内,,
15.3.4,光交接箱,宜设置在,建设用地红线内,,
15.3.5,HFC组网的光节点和IP组网的接入节点,宜设置,建筑物内,,
15.4.1,变电所设计和电气设备的安装,应符合,现行国家标准《电力设施抗震设计规范》GB50260的规定,,
15.4.1,卫星电视接收系统,宜由,抛物面天线、馈源、高频头、功率分配器和卫星接收机组成,,
15.4.2,变电所设计和电气设备的安装,应符合,现行国家标准《电力设施抗震设计规范》GB50260的规定,,
15.4.2,用于卫星电视接收系统的接收站天线,主要电性能,宜符合表15.4.2的规定,,
15.4.2,用于卫星电视接收系统的接收站天线,主要电性能,符合表15.4.2C频段、Ku频段天线主要电性能要求技术参数,,
15.4.3,变电所设计和电气设备的安装,应符合,现行,,
15.4.4,卫星电视接收机,应选用,高灵敏、低噪声的设备,,
15.4.6,卫星电视接收天线的选择,应符合,下列规定：1卫星电视接收天线应根据所接收卫星采用的转发器,,
15.5.1,设备, 设置, 节目源种类、传输方式及功能需求,,
15.5.1,设备, 协调, 当地有线电视城域网,,
15.5.2,自设前端设施,宜设在,用户区域的中心部位,,
15.5.2,自设前端设施,宜靠近,信号源,,
15.5.5,自设前端的上行和下行信号采用电信号传输,应选用,屏蔽电缆,,
15.5.7,自设前端供电宜采用UPS电源装置,其标称功率,不应小于使用功率的1.5倍,,
15.5.8,前端放大器,应满足,工作频带、增益、噪声系数、非线性失真等指标要求,,
15.5.8,前端放大器,放大器的类型,宜根据其在系统中所处的位置确定,,
15.6.1,民用建筑有线电视系统,可采用,HFC接入分配网,,
15.6.1,民用建筑有线电视系统,系统的接入点至光节点应采用,光信号传输,,
15.6.1,民用建筑有线电视系统,光节点至用户终端可采用,电信号传输,,
15.6.4,光节点设备,宜选用,2端口或4端口型,,
15.6.4,光节点设备,每个端口标称上行输入电平应为,104dBμV,,
15.6.4,光节点设备,每个端口覆盖用户终端不宜超过,200个,,
15.6.5,模拟电视用户端输入端口,电平为,60dBpV~80dBuV,,
15.6.5,数字电视用户端输入端口,电平为,50dBμV~75dBpV,,
15.6.8,基于同轴电缆的以太网(EoC)组网方式的网络性能和设备指标,应符合,现行国家标准《有线电视网络工程设计标准》GB/T50200的规定,,
15.7.2,IP接入分配网,应采用,光纤到户(FTTH)和光缆、同轴电缆、对绞电缆或无线到用户终端设备的传输和分配方式,,
15.7.3,光纤到公共建筑用户配线箱的设计,应符合,本标准第21章和现行国家标准《综合布线系统工程设计规范》GB50311的相关规定,,
15.8.1,当有线电视系统采用IP接入分配网,传输线缆选用,宜符合下列规定: 1由接入点端口至建筑物楼(层)配线箱之间的光缆宜采用G.652D光缆; 2由楼(层)配线箱至用户配线箱/家居配线箱之间的光缆宜采用G.657A光缆; 进入用户配线箱/家居配线箱的光纤应为1芯或2芯; 3用户配线箱/家居配线箱至,,
15.8.3,射频信号传输电缆,宜采用,特性阻抗为75Ω的同轴电缆,,
15.8.3,数字信号传输电缆,宜采用,六类及以上的对绞电缆,,
15.8.4,同轴电缆的敷设长度,若超过30m,宜调整配线箱的位置或改用大一级线径的同轴电缆,,
16.1.2,扩声系统,应根据,建筑物的使用功能、建筑设计和建筑声学设计等因素确定,,
16.1.2,扩声系统,的设计,应与建筑设计、建筑声学设计同步进行,,
16.1.2,扩声系统,的设计,应与其他有关专业密切配合,,
16.1.2,扩声系统,宜按,多功能使用要求设置,,
16.1.2,扩声系统,应保证,听众有足够的声压级、声音清晰、声场,,
16.2.1,公共广播应采用,单声道播放,并能实时发布语音广播,,
16.2.1,公共广播应采用,单声道播放,且应有一个广播传声器处于最高广播优先级,,
16.2.3,建筑物中设有公共广播系统时,应设置,广播控制室,,
16.2.5,公共广播系统,宜采用,定压输出,,
16.2.5,公共广播系统,输出电压宜采用,70V或100V,,
16.2.6,公共广播系统的传输线路,衰减不宜大于,3dB(1000Hz,,
16.2.7,公共广播系统传输回路,宜采用,二线制,,
16.2.7,公共广播兼作紧急广播时,有音量调节装置的回路,应设控制线,,
16.2.8,航站楼、客运码头、铁路旅客站和汽车客运站的旅客大厅等环境噪声较高的场所,系统应能根据噪声的大小自动调节音量,广播声压级应比环境噪声高10dB~15dB,,
16.2.8,建筑声学和广播系统两方面,采取措施,满足语言清晰度的要求,,
16.2.9,变电所设计和电气设备的安装,应符合,现行国家标准《电力设施抗震设计规范》GB50260的规定,,
16.2.9,变电所设计和电气设备的安装,应符合,标准《电力设施抗震设计规范》GB50260的规定,,
16.2.9,变电所设计和电气设备的安装,应符合,设施抗震设计规范》GB50260的规定,,
16.2.9,变电所设计和电气设备的安装,应符合,抗,,
16.2.10,变电所设计和电气设备的安装,并应符合,现行国家标准《电力设施抗震设计规范》GB50260的规定,,
16.2.10,紧急广播系统应符合下列规定,1当公共广播系统有多种用途时,紧急广播应具有最高级别的优先权,,
16.2.10,紧急广播系统应符合下列规定,系统应能在手动或警报信号触发的10s内,按疏散预案向相关广播区,,
16.3.5,扩声系统的功放设备,应根据需要合理配置,并应符合下列规定,,
16.3.6,扩声系统兼作消防应急广播时,应满足,消防应急广播的控制要求,,
16.3.7,扩声系统的厅堂混响时间、声压级、功率,应符合,本标准附录F、附录G的规定,,
16.4.1,公共广播、扩声系统设备,应根据,用户性质、系统功能、系统性能指标的要求进行选择,,
16.4.4,公共广播系统功放设备的容量,宜按下列公式计算,-1Po=K・P-2,,
16.4.4,公共广播系统功放设备的容量,宜按下列公式计算,式中：P――功放设备输出总电功率(W);Po――每分路同时广播时最大电功率(W);P;――第i支路的用户设备额定容量(W);K;――第i支路的同时需要系数(背景广播时，旅馆客房节目每套K;应为0.2～0,,
16.4.5,厅堂扩声系统功放设备的配置与选择,应有功率储备,语言扩声应为2倍～3倍,,
16.4.5,厅堂扩声系统功放设备的配置与选择,演出扩声应为4倍～6倍,音乐扩声应为6倍～8倍或以上,,
16.4.6,公共广播、扩声系统功放设备,应设置,备用单元,,
16.4.6,公共广播、扩声系统功放设备,备用数量,应根据广播、扩声的重要程度确定,,
16.4.6,公共广播、扩声系统功放设备,备用单元,应设自动或手动投入环节,,
16.4.6,公共广播、扩声系统功放设备,备用单元,重要场所的公共广播、扩声系统的备用单元应自动投入,,
16.4.8,变电所设计和电气设备的安装,应符合,现行国家标准《电力设施抗震设计规范》GB50260的规定,,
16.4.8,变电所设计和电气设备的安装,应符合,现行国家标准《电力设施抗震设计规范》GB50260的规定,,
16.4.8,扩声扬声器系统,应根据,厅堂功能、厅堂容积、空间高度、混响时间等因素选择,,
16.5.1,传声器的设置,应符合,下列规定,,
16.5.1,传声器的设置,1应合理布置扬声器和传声器,使传声器位于扬声器辐射角之外,,
16.5.1,传声器的设置,2当室内声场不均匀时,传声器宜避免设在声压级高的部位,,
16.5.3,设备机柜布置,应符合,本标准第23.2节的有关规定,,
16.5.7,变电所设计和电气设备的安装,应符合,现行国家标准《电力设施抗震设计规范》GB50260的规定,,
16.5.7,广场类室外扩声扬声器或扬声器组的设置,应符合,下列规定：1满足供声范围内的声压级及声场均匀度的要求；2扬声器或扬声器组的声辐射范围应避开障碍物；3控制反射声或因不同扬声器、扬声器组的声,,
16.6.2,室内广播、扩声线路敷设,应符合,下列规定：1室内广播、扩声线路宜穿导管或线槽敷设；2功放设备输出分路应满足系统通道的要求，不同分路的导线宜采用不同颜色的绝缘线区别；3广播、扩声线路与扬声器的连接应保持同相位；4当广播、扩声系统和消防应急广播系统合用一套系统或共,,
16.6.3,在安装有可控硅调光设备的场所,扩声系统线路的敷设,应采取下列防干扰措施,,
16.6.4,变电所设计和电气设备的安装,应采取,抗震措施,,
16.6.4,变电所设计和电气设备的安装,应符合,国家标准《电力设施抗震设计规范》GB50260的规定,,
16.6.4,室外广播、扩声线路,可采用,电缆直接埋地、地下排管及室外架空敷设方式,,
16.6.4,广播、扩声传输线路,宜采用,控制电缆,,
16.7.4,扩声控制室,应能通过观察窗看到舞台(讲台)活动区和大部分观众席,宜设在下列位置:,,
16.7.6,公共广播、厅堂扩声系统用房的土建及设施,应符合,本标准第23.3节的相关规定,,
16.8.1,公共广播、厅堂扩声系统的供电电源,应符合,下列规定：1紧急广播系统应设置220V或24V备用电源，主/备电源切换时间不应大于1s;2供电电源，宜由不带舞台调光设备的变压器供电；当无法避免时，调音台或前级控制台的电源，宜经单相隔离变压器供电。,,
16.8.2,公共广播、厅堂扩声系统的防雷与接地,应符合,本标准第23章的有关规定,,
17.1.2,信息发布系统,包括,公共场所的信息引导及发布电子显示系统、时钟系统等,,
17.1.3,呼叫信号和信息发布系统,宜采用,数字化、网络化技术形式组网,,
17.2.1,呼叫信号系统,宜由,主机、呼叫分机、信号传输、呼叫提示等单元组成,,
17.2.2,医院病房护理呼叫信号系统,设计应符合,下列规定：1根据医院的规模、医护标准的要求,,
17.2.3,医院候诊呼叫信号系统,设置,HIS的医院,,
17.2.3,候诊呼叫信号系统,功能,符合下列要求,,
17.2.3,候诊呼叫信号系统,功能,就诊排队应以科室初诊、复诊、指定医生就诊等分类录入，自动排序,,
17.2.3,候诊呼叫信号系统,功能,随时接受医生呼叫，并应在候诊区的主显示屏上准确显示候诊号及就诊席号,,
17.2.4,老年人照料设施建筑,宜设置,呼叫信号系统,,
17.2.6,营业厅呼叫信号系统,应符合,下列规定,,
17.2.6,营业厅呼叫信号系统,功能,应符合下列要求,,
17.2.6,营业厅呼叫信号系统,功能,客户排队应按普通客户、贵宾客户分类录入、自动排序,,
17.2.6,营业厅呼叫信号系统,功能,随时接受柜员呼叫、应准确显示客户号和接受服务的窗口号,,
17.2.6,营业厅呼叫信号系统,功能,当,,
17.2.7,电梯多方通话系统设计,应符合,下列规定,,
17.2.7,电梯多方通话系统,功能应符合,下列要求,,
17.2.7,系统设置的通信终端,均应具有,多方通话功能,,
17.2.7,系统,应具有,确定呼叫者地址的功能,,
17.2.8,变电所设计和电气设备的安装,应符合,现行国家标准《电力设施抗震设计规范》GB50260的规定,,
17.2.8,公共求助呼叫信号系统,设计应符合,下列规定：1无障碍卫生间应设置公共求助呼叫信号装置。2停车库无障碍车位宜设置公共求助呼叫信号装置。3系统主机宜设于物业管理室或消防控制室。4公共求助呼,,
17.3.2,显示查询单元,应根据,使用要求、显示及查询装置的光电技术指标、环境适应条件和安装方式等因素确定,,
17.3.3,变电所设计和电气设备的安装,应符合现行,国家标准《电力设施抗震设计规范》GB50260的规定,,
17.3.3,播放单元,应具有,数据缓存功能,,
17.3.3,播放单元,当要求多个显示终端显示相同内容时,可采用一台播放器对多台显示终端的分组同步模式,,
17.3.3,播放单元,当要求多个显示终端显示相同内容时,播放器宜就,,
17.3.4,传输单元,应根据系统传输制式配置,交换机和相应区段的线缆,,
17.3.4,传输单元,宜采用数字网络(交换机、光缆、对绞线),播控中心单元至播放单元,,
17.3.4,传输单元,播放单元至显示查询单元宜采用模拟线缆,当传输长度超过线缆的规制限度时，应增设中继设备。,,
17.3.5,播控中心单元,应由,服务器、控制器、多制式信号采集接口、应用软件等组成,,
17.3.5,播控中心单元,应具有,多通道播放、多画面显示、多列表播放等功能,,
17.3.5,播控中心单元,应能支持,多种格式的文本、图像、视频播放,,
17.3.5,播控中心单元,应能对系统所有显示终端实行,点控、组控和强切播放,,
17.3.6,数据资源库单元,应具有,信息采集、节目制作、数据存储和播放记录功能,,
17.3.6,数据资源库单元,应具有,信息采集、节目制作、数据存储和播放记录功能,,
17.3.6,数据资源库单元,数据资源库的容量配置应满足,近、远期使用要求,,
17.4.1,变电所设计和电气设备的安装,应符合,现行国家标准《电力设施抗震设计规范》GB50260的规定,,
17.4.1,时钟系统,宜由,母钟、子钟、标准时间信号接收、信号传输、接口、监控管理等单元组成,,
17.4.2,变电所设计和电气设备的安装,应符合,现行国家标准《电力设施抗震设计规范》GB50260的规定,,
17.4.2,母钟单元,宜采用,主机、备机的配置方式,,
17.4.2,母钟单元,应符合,下列规定：1主机、备机之间应能实现自动或手动切换；2当时钟系统规模较大或线路传输距离较远时，可设置二级母钟；3二级母钟,,
17.4.4,时钟系统,应设置,标准时间信号接收单元,,
17.4.4,时钟系统,宜采用,一种或几种标准时间作为系统的时间基准,,
17.4.5,变电所设计和电气设备的安装,应采取抗震措施,并应符合现行国家标准《电力设施抗震设计规范》GB50260的规定,,
17.4.5,信号传输单元,应由传输通道、传输线路组成,并应符合下列规定：,,
17.4.5,传输通道,可采用,同步数字体系(SDH)等通信方式；,,
17.4.6,接口单元,提供接入通道,时钟系统远程维护和有统一校时要求的系统,,
17.4.7,监控管理单元,应具有,集中维护功能、运行管理功能和自诊断功能。,,
17.4.8,塔钟,应配置,照明或装饰照明、多媒体报时单元,,
17.4.8,塔钟,应结合,城市规划及环境空间设计,,
17.4.9,子钟网络,应按负荷能力划分为若干分路,每分路宜合理划分为若干支路,,
17.4.9,子钟网络,应按系统要求进行限制,每支路单面子钟的数量,,
17.4.10,变电所设计和电气设备的安装,应符合,现行国家标准《电力设施抗震设计规范》GB50260的规定,,
17.4.10,变电所设计和电气设备的安装,应采取,抗震措施,,
17.4.10,变电所设计和电气设备的安装,应符合,国家标准《电力设施抗震设计规范》GB50260的规定,,
17.4.10,变电所设计和电气设备的安装,应符合,现行国家标准《电力设施,,
17.5.1,呼叫信号设备,应根据其对讲量指标、操作程式以及可靠性等择优选用,并应合理确定所需功能,,
17.5.2,信息发布系统,应选择,低能耗显示装置,,
17.5.3,大型重要比赛中与信息显示装置配接的专用计时设备,应选用,符合赛事管理部门需求的设备,,
17.5.5,信息显示装置的配电柜(箱),不宜远离,屏体安装,,
17.5.5,信息显示装置的驱动柜(箱),不宜远离,屏体安装,,
17.5.7,母钟站站址,合并设置,电话交换机房、有线电视前端机房及信息网络机房,,
17.6.3,母钟站应设,不间断电源装置供电,时钟系统的防雷与接地宜与信息网络机房统一设置,,
17.6.5,变电所设计和电气设备的安装,应采取抗震措施,并应符合现行国家标准《电力设施抗震设计规范》GB50260的规定,,
18.1.1,变电所设计和电气设备的安装,应符合,现行国家标准《电力设施抗震设计规范》GB50260的规定,,
18.1.1,BAS,可对下列子系统进行设备运行和建筑能耗的监测与控制,1冷热源系统；2空调及通风系统；3给水排水系统；4供配电系统；5照明系统；6电梯和自动扶梯系统。,,
18.1.2,建筑设备监控系统设计,应符合,下列规定：1系统应支持开放式系统技术，宜建立分布式控制网络；2系统与产品的开放性宜满足可互通信、可互操作、可互换用要求；3在主系统对第三方子系统只监视不控制的场所，也可选择只满足可互通信的产品；4在主系统与第三方子系统有联动要求的,,
18.1.3,建筑设备监控系统设计,应根据,监控功能与管理需求合理设置监控点,,
18.1.4,变电所设计和电气设备的安装,应符合,现行国家标准《电力设施抗震设计规范》GB50260的规定,,
18.1.4,建筑设备监控系统规模,区分,按实时数据库的硬件点位数宜符合表18.1.4的规定。,,
18.1.5,建筑设备监控系统,应具备,系统自诊断和故障部件自动隔离、自动恢复、故障报警功能,,
18.1.6,变电所设计和电气设备的安装,应符合,现行国家标准《电力设施抗震设计规范》GB50260的规定,,
18.1.6,BAS,应提供,与火灾自动报警系统(FAS)及安全技术防范系统(SAS)的通信接口,,
18.1.6,BAS,构成,建筑设备管理系统(BMS),,
18.2.1,建筑设备监控系统,宜采用,分布式系统和多层次的网络结构,,
18.2.1,建筑设备监控系统,应根据,系统的规模、功能要求及选用产品的特点,,
18.2.1,建筑设备监控系统,采用,三层、两层或单层的网络结构,,
18.2.1,建筑设备监控系统,均应满足,分布式系统集中监视操作和分散采集控制的原则,,
18.2.2,变电所设计和电气设备的安装,应符合,现行,,
18.3.1,管理网络层的中央管理工作站,应具有,下列功能：1监控系统的运行参数；2检测可控的子系统对控制命令的响应情况；3显示和记录各种测量数据、运行状态、故障报警等信息；4数据报表和打印。,,
18.3.3,变电所设计和电气设备的安装,应符合,现行国家标准《电力设施抗震设计规范》GB50260的规定,,
18.3.3,当不同地理位置上分布有多组相同种类的建筑设备监控系统时,宜采用,分布式服务器结构和虚拟专用网络通信方式,,
18.3.4,变电所设计和电气设备的安装,应采取,抗震措施,,
18.3.4,变电所设计和电气设备的安装,应符合,现行国家标准《电力设施抗震设计规范》GB50260的规定,,
18.4.1,控制网络层,应完成,对主控项目的开环控制和闭环控制、监控点逻辑开关表控制和监控点时间表控制,,
18.4.5,每台设备控制器的硬件监控点数,应,留有余量,,
18.4.5,点数余量,不宜小于,总点数的15%,,
18.5.2,现场网络层本层网络,宜采用,符合现行国家标准的现场总线,,
18.5.3,末端设备控制器,应具有,对末端设备进行控制的功能,,
18.5.4,变电所设计和电气设备的安装,抗震措施,并应符合,,
18.5.4,智能现场仪表,应通过,现场总线与设备控制器进行通信,,
18.5.5,末端设备控制器和分布式智能I/O模块,应与常规现场仪表、末端设备电控箱,进行一对一的配线连接,,
18.5.6,变电所设计和电气设备的安装,抗震措施,国家标准《电力设施抗震设计规范》GB50260的规定,,
18.5.6,现场网络层的配置,应符合,下列规定,,
18.5.6,现场网络层的配置,宜采用,总线拓扑结构,,
18.5.6,现场网络层的配置,也可采用,环形、星形或自由拓扑结构,,
18.6.1,建筑设备监控系统的软件宜选择,功能齐全、质量安全可靠、调用灵活的主系统生产厂家有效最新版本基础上的综合软件包,综合软件包应满足监控功能强大、操作方便、信息管理功能周详、软件组态容易等要求,,
18.6.1,综合软件包,应满足,综合软件包与第三方子系统软件相互兼容,,
18.6.4,设备控制器,应提供,自诊断程序软件,,
18.6.4,设备控制器,自诊断内容,应包括CPU及内存的自检、开关输出回读比较、模拟输入通道正确性比较、模拟输出通道正确性比较,,
18.6.4,设备控制器,应提供,独立运行的设备控制器仿真调试软件,,
18.6.5,现场网络层的操作系统软件,应具有,系统内核小、内存空间需求少、实时性强的特点,,
18.6.5,末端设备控制器、分布式智能I/O模块、智能仪表的功能,宜符合,智能仪表行业产品规范的规定,,
18.6.5,末端设备控制器、分布式智能I/O模块、智能仪表的功能,可以和符合,行业产品规范的第三方生产厂家的末端设备控制,,
18.7.1,变电所设计和电气设备的安装,应,抗震措施,,
18.7.1,变电所设计和电气设备的安装,应采取抗震措施,并应符合现行国家标准《电力设施抗震设计规范》GB50260的规定,,
18.7.1,现场检测仪表的选择,应符合,下列规定,,
18.7.1,现场检测仪表的选择,应满足,被测参数的量程以及被测参数测量通道的精度,,
18.7.3,变电所设计和电气设备的安装,应符合,现行国家标准《电力设施抗震设计规范》GB50260的规定,,
18.7.3,执行器宜选用电动执行器,其输出的力或扭矩应使阀门或风阀,在最大流体压力时可靠开启和闭合,,
18.8.1,建筑设备监控系统,应对,冷热源系统设备,,
18.8.6,热交换系统,应设置,启、停顺序控制,,
18.8.6,热交换系统,应根据,二次供水温度设定值控制一次侧温度调节阀开度,,
18.8.6,热交换系统,宜设置,二次供回水恒定压差控制,,
18.8.6,热交换系统,应监测,汽-水交换器的蒸汽温度、二次供回水温度、供回水压力、二次侧压差和旁通阀开度、补水箱的水,,
18.9.1,变电所设计和电气设备的安装,应符合,现行国家标准《电力设施抗震设计规范》GB50260的规定,,
18.9.1,变电所设计和电气设备的安装,应符合,国家标准《电力设施抗震设计规范》GB50260的规定,,
18.9.1,变电所设计和电气设备的安装,应符合,现行国家标准《电力设施抗震设计规范》GB50260的规定,,
18.9.2,变电所设计和电气设备的安装,应符合,现行国家标准《电力设施抗震设计规范》GB50260的规定,,
18.9.4,变风量空调系统末端装置,当选用压力有关型变风量装置时,宜采用室内温度传感器、微控制器及电动风阀构成单回路闭环调节系统,,
18.9.4,变风量空调系统末端装置,控制器,宜选择一体化微控制器,,
18.9.4,变风量空调系统末端装置,当选用压力无关型变风量装置时,宜采用室内温度作为主调节参数,,
18.10.2,中水系统的监控,应符合,下列规定：1中水箱应设置液位计测量水箱液位，其上限信号用于停中水泵，下限信号用于启动中水泵；2中水恒压变频供水系统的监控要求同恒压变频给水系统，但应具有根据中水箱液位来控制补水电动阀(或电磁阀)的功能；3主泵故障时，备用泵应自动投入运行；4宜设,,
18.11.3,柴油发电机组宜设置,下列监测功能,1柴油发电机及冷却水泵(冷却风扇)的电气参数、运行状态显示及故障报警；2日用油箱油位显示及超高、超低报警；3蓄电池组电压显示及充电器故障报警。,,
18.11.3,柴油发电机组宜设置,下列监测功能,1柴油发电机及冷却水泵的电气参数、运行状态显示及故障报警；2,,
18.12.2,当重要区域视频监控系统对照明有联动控制需求时,照明监控系统应设置,相应的功能,,
18.13.1,电梯和自动扶梯,宜采用,自成体系专业监控系统进行监控,,
18.13.1,电梯和自动扶梯,并纳入,建筑设备监控系统,,
18.14.3,系统设备宜包含电能的分配、变换、保护、控制、计量、安全和所控制设备的监测、计量、控制、保护功能以及人机控制操作、信息、状态的显示和网络通信功能,系统应充分考虑,施工和维护的可操作性,,
18.14.5,一体化控制箱(柜),与现场的传感器、执行器,宜采用复合功能总线方式进行连接,,
18.14.5,一体化控制箱(柜),的传感器和执行器的电源,可由复合功能总线提供,,
18.14.6,体化控制箱(柜)内的控制设备,应采用,有效的抗干扰措施,,
18.14.6,体化控制箱(柜)内的控制设备,设备和线路布置,应避免强电对弱电控制元件的干扰,,
18.14.7,建筑设备一体化监控系统,宜用一套软件实现,建筑设备监控、电力监控、照明控制、剩余电流检测、用能计量、建筑环境检测、能效管理等功能,,
18.14.7,建筑设备一体化监控系统,并实现,实时、历史数据互联互通和界面整合,,
18.14.8,建筑设备一体化监控系统,应具备,与火灾自动报警系统(FAS)及安全技术防范系统(SAS)的通信接口,,
19.1.1,本章,可适用,民用建筑中网络数据通信、办公自动化、建筑设备管理等信息化应用系统的网络设计,,
19.1.2,信息网络系统,应标准化、模块化,兼具有实用性、可靠性、安全性和可扩展性,,
19.1.2,信息网络系统,宜,适度超前,,
19.1.3,信息网络系统的设计,应在进行用户调查和需求分析的基础上,进行网络逻辑设计和物理设计,,
19.1.4,信息网络系统密码,应符合,国家相关管理规定,,
19.2.2,网络需求分析,应包括,功能需求和性能需求,,
19.2.2,网络需求分析,应符合,下列规定,,
19.2.2,根据网络功能需求分析,应能确定,网络类型,,
19.2.2,根据网络功能需求分析,内容应包括,网络拓扑结构、网络采用的通信协议、传输介质、网络端口数设置、网络互联和广域网接入等,,
19.2.3,网络系统逻辑设计,应确定包括,网络类型、网络管理与安全性策略、操作系统、网络互联、广域网接口等,,
19.2.4,网络系统物理设计,应根据,确定的网络类型、网络拓扑结构,,
19.2.4,网络系统物理设计,选择具体的设备,确定其数量,,
19.2.4,网络系统物理设计,包括,网络介质的选择和网络设备的选配,,
19.3.2,建筑物内,可设计,一个或多个局域网,,
19.3.2,多个建筑物,也可逻辑划分,为一个局域网,,
19.3.4,网络核心层,设计应具有,高可靠性和高可扩展性,,
19.3.4,网络核心层,带宽及性能宜适度超前,网络的安全控制设备和全网管理策略应在核心层设置,,
19.3.6,核心层,应设置,1台及以上的高性能交换机,,
19.3.6,核心层,当核心层采用多台交换机时,宜将多台交换机组合成一个逻辑核心单元,,
19.3.7,逻辑核心单元,宜以协同工作方式组成高性能核心,也可以以物理设备的主从后备工作模式组成冗余式核心单元,,
19.3.9,接入层,应为,网络终端提供访问途径,,
19.4.1,网络连接部件,应包括,网络适配器(网卡)、交换机(集线器)和路由器,,
19.4.2,网络适配器的选择,应与计算机接口类型相匹配,并应与网络体系结构相适应,,
19.4.3,网络交换机的类型,应与,网络结构类型相适应,,
19.4.3,大中型规模的局域网,应采用,可管理式网络交换机,,
19.4.5,变电所设计和电气设备的安装,应,采取抗震措施,,
19.4.5,变电所设计和电气设备的安装,应,符合现行国家标准《电力设施抗震设计规范》GB50260的规定,,
19.4.5,TCP/IP协议网络中,所有网络设备,应支持IPv4/IPv6双协议,,
19.4.6,变电所设计和电气设备的安装,应采取抗震措施,并应符合现行国家标准《电力设施抗震设计规范》GB50260的规定,,
19.4.8,当局域网与广域网相连时,宜采用,支持多协议的路由器,,
19.5.1,网络客户端宜采用,能支持,多种网络通信协议的网络管理系统,,
19.5.2,网络服务器管理系统,应采用,能支持网络中所有客户端网络通信协议的系统,,
19.5.5,网络安全,设计应对,非授权访问、信息泄露或丢失、破坏数据完整性、拒绝服务攻击和病毒传播,,
19.5.5,网络安全,采取防范措施,非授权访问、信息泄露或丢失、破坏数据完整性、拒绝服务攻击和病毒传播,,
19.5.6,大中型网络边界,应采用,串接的专用防火墙设备、入侵检测设备、防病毒设备,,
19.6.1,网络服务器,应根据网络需求,适当选用,,
19.6.1,网络服务器,适当选用,塔式服务器、机架式服务器或刀片式服务器,,
19.6.2,小型网络中心或网络服务功能单一,宜选用,塔式服务器,,
19.6.3,当网络中心大量、密集部署服务器或服务器配备经常变动时,宜采用,机架式服务器、刀片式服务器，以及小型机作为网络服务器。,,
19.7.1,局域网,应设置广域网连接,1当内部用户有互联网访问需求时；,,
19.7.2,在每个需互联的网络边界上,应设置,支持相同网络协议的路由器,,
19.7.3,局域网的广域网连接,宜采用,下列方式：1电信级以太网；2专线SDH(同步数字系列SynchronousDigitalHierar-chy);3光纤接入。,,
19.7.3,局域网的广域网连接,宜采用,电信级以太网,,
19.7.3,局域网的广域网连接,宜采用,专线SDH(同步数字系列SynchronousDigitalHierar-chy,,
19.7.3,局域网的广域网连接,宜采用,光纤接入,,
19.8.1,网络应用,应包括,办公自动化系统,,
19.8.1,网络应用,应包括,公用互联网接入,,
19.8.1,网络应用,应包括,网络增值业务:对内、对外业务，互联网+等,,
19.8.1,网络应用,应包括,智能化设备专网等,,
19.8.3,当内部网络数据有安全性要求时,应采取,物理隔离措施隔离内外网,,
19.8.3,当内部网络数据有安全性要求时,应符合,国家和地方相关法规的规定,,
19.8.4,在网络应用中,宜设置,文件与打印服务器、邮件服务器、Web服务器、代理服务器及目录服务器等,,
19.9.1,无线局域网,宜采用,作为有线网络的补充与延伸,,
19.9.1,无线局域网,满足,各类智能终端设备无线接入的需求,,
19.9.2,WLAN网络,应满足,接入高速度、转发高容量、频谱能防护、安全可管控、准入无感知、终端可识别、控制虚拟化的设计要求,,
19.9.3,WLAN网络设计,应遵守,IEEE802.11族标准、WAPI标准及IETF的无线接入点的控制和配置协议(CAPWAP,,
19.9.4,无线局域网络设备,应选择,支持MIMO智能天线、帧聚合、块应答等符合IEEE802.1ln技术的产品架构,,
19.9.4,无线局域网络设备,向下兼容802.1la/b/g设备,并具有支持IPv4/IPv6双协议栈的能力,,
19.9.5,在有高速无线局域网络需求时,可采用,符合IEEE802.1lac标准的无线设备,,
19.9.7,变电所设计和电气设备的安装,应符合,现行国家标准《电力设施抗震设计规范》GB50260的规定,,
19.9.7,无线AP的布置方案,应根据,建筑平面、用户密度等因素,,
19.9.7,无线AP的布置方案,应根据,用户提供的平面图和所选用产品的技术参数,,
19.9.7,无线AP的布置方案,应根据,无线AP在室内外覆盖的差异,,
20.1.1,通信网络系统,应适应,城镇建设的发展,,
20.1.1,通信网络系统,促进,民用建筑中语音、数据、图像、多媒体、网络电视等综合业务通信网络系统建设,,
20.1.1,通信网络系统,满足,用户对通信多业务的需求,,
20.1.1,通信网络系统,实现,资源共享,,
20.1.1,通信网络系统,避免,重复建设,,
20.1.3,各类通信设备,应具有,国家电信管理部门颁发的电信设备入网许可证,,
20.1.3,各类通信设备,其中无线通信设备应具有,国家无线电管理部门核发的无线电发射设备核准证,,
20.1.4,通信网络系统工程建设,应与,单体或群体民用建筑同步进行建设,,
20.1.5,变电所设计和电气设备的安装,应符合,现行国家标准《电力设施抗震设计规范》GB50260的规定,,
20.1.5,变电所设计和电气设备的安装,应符合,现行国家标准《电力设施抗震设计规范》GB50260的规定,,
20.1.5,变电所设计和电气设备的安装,应符合,现行国家标准《电力设施抗震设计规范》GB50260的规定,,
20.2.1,变电所设计和电气设备的安装,应采取,抗震措施,,
20.2.1,变电所设计和电气设备的安装,应,符合现行国家标准《电力设施抗震设计规范》GB50260的规定,,
20.2.2,信息接入系统,可分,有线接入网和无线接入网,,
20.2.3,有线接入网,应采用,光纤接入方式,,
20.2.3,无线接入网,宜采用,宽带无线接入方式,,
20.2.4,用户接入点,应能对配线光缆与,用户光缆进行互连和配线管理,,
20.2.4,用户接入点,并可在用户接入点处设置,光分路器,,
20.2.5,光纤到建筑物和光纤到用户单元通信设施工程的设计,应满足,多家电信业务经营者(含本地有线电视网络公司等)平等接入的要求,,
20.2.6,光纤用户接入点设置的位置,应根据,不同类型建筑及不同业态建筑区域构成的配线区,,
20.2.6,光纤用户接入点设置的位置,以及配线区内光纤用户密度和数量,所确定,,
20.2.6,光纤用户接入点设置的位置,并应符合,下列规定,,
20.2.6,每个光纤配线区内,应设置,一个用户接入点,,
20.2.7,变电所设计和电气设备的安装,应符合,现行国家标准《电力设施抗震设计规范》GB50260的规定,,
20.2.7,变电所设计和电气设备的安装,应符合,标准《电力设施抗震设计规范》GB50260的规定,,
20.2.7,变电所设计和电气设备的安装,应符合,规范《电力设施抗震设计规范》GB50260的规定,,
20.2.8,用户接入点,应对,引自室外配线光缆与楼内用户光缆进行互连和配线管理,,
20.2.8,用户接入点,可在,用户接入点处设置光分路器,,
20.2.9,用户接入点的通信设施,宜设置,建筑信息接入机房内,,
20.2.10,用地红线区域内通信管道及建筑内的配线管网,应由,工程建设方负责建设,,
20.3.1,用户电话交换系统,可按业务使用需求分为,用户电话交换机系统、调度交换系统、会议电话系统和呼叫中心系统,,
20.3.2,用户电话交换系统,应根据使用需求,设置在民用建筑内,,
20.3.2,用户电话交换系统,应符合,下列要求: 1系统宜由用户电话交换机、话务台、终端及辅助设备组成,,
20.3.2,用户电话交换机,可分为,用户交换机(PBX)、ISDN用户交换机(ISPBX)、IP用户交换机(IPPBX)、软交换用户电话交换机等,,
20.3.2,用户电话交换机,应提供,普,,
20.3.4,会议电话系统,应由,会议电话汇接机、会议电话终端及辅助设备组成,,
20.3.4,会议电话汇接机,应提供,会议电话终端和对外的通信业务接口,,
20.3.4,会议电话终端,应包括,多种协议终端,,
20.3.5,呼叫中心系统,应符合,下列要求：1呼叫中心应由电话交换机、各类服务器群、话务座席、局域网交换机、防火墙、路由器等设备组成；呼叫中心远端节点应由电话交换机远端设备、话务座席、局域网交换机、防火墙、路由器等设备组成；2电话交换机应提供与公用电话网连接的接口，应能成批处理,,
20.3.6,变电所设计和电气设备的安装,应符合,现行国家标准《电力设施抗震设计规范》GB50260的规定,,
20.3.6,变电所设计和电气设备的安装,应符合,现行国家标准《电力设施抗震设计规范》GB50260的规定,,
20.3.7,用户电话交换系统的直流供电,应符合,下列要求:1通信设备直流电源电压宜为48V;2当建筑物内设有发电机组时，蓄电池组的初装容量应满足系统0.5h的供电时间要求;3当建筑物内无发电机组时，根据需要蓄电池组应满足系统0.5h～8h的放电时间要求;4当电话交换系统对电源有特殊要求时，,,
20.4.1,数字无线对讲系统,宜采用,多个手持台(数字手持对讲机,,
20.4.1,数字无线对讲系统,应采取,措施,,
20.4.4,数字无线对讲系统,在民用建筑用地红线内使用的,专用频段,,
20.4.4,数字无线对讲系统,在民用建筑用地红线内使用的,频段频率范围MHz,,
20.4.4,数字无线对讲系统,在民用建筑用地红线内使用的,上下行频段,,
20.4.4,数字无线对讲系统,在民用建筑用地红线内使用的,上行频段,,
20.4.6,物业管理部门中继台数量的配置,应按通话信道需求设定,其输出功率、容量应按红线内占地规模、建筑数量、建筑总面积和通话质量需求确定,,
20.4.6,中继台射频发射标称功率,应不大于,30W,,
20.4.8,变电所设计和电气设备的安装,并应符合,现行国家标准《电力设施抗震设计规范》GB50260的规定,,
20.4.8,室内天馈线分布系统中,各无源、有源器件应支持,宽频段信号的传输,,
20.4.9,变电所设计和电气设备的安装,应符合,现行国家标准《电力设施抗震设计规范》GB50260的规定,,
20.4.9,室内天馈线分布系统的缆线设计,应符合,下列要求：1高度为100m及以下的建筑，宜采用系统主干与分支路由电缆分布方式。2高度大于100m的建筑、大型或特大型建筑，应采用系统主干路由光缆及分支路由电,,
20.4.11,室内天馈线分布系统,上下行链路信号电平覆盖及场强设计,应符合下列要求：1系统设计应满足系统上下行链路信号平衡；2系统室内信号覆盖强度,,
20.4.12,室外各区域信号覆盖强度,宜均匀分布,其信号电平值,,
20.4.12,室外各区域信号覆盖强度,宜均匀分布,其信号电平值不宜低于-90dBm,,
20.4.12,采用系统组网的室外天线射频信号至用地红线边界处电平值,不宜低于,一95dBm,,
20.4.13,变电所设计和电气设备的安装,应符合,现行国家标准《电力设施抗震设计规范》GB50260的规定,,
20.4.13,变电所设计和电气设备的安装,应采取抗震措施,并应符合现行国家标准《电力设施抗震设计规范》GB50260的规定,,
20.4.14,数字无线对讲系统覆盖区域内应满足,不低于,95%覆盖率,,
20.4.14,无线对讲的呼损率,应小于,2%,,
20.4.14,接通率,应大于,98%,,
20.4.15,物业管理部门数字无线对讲系统,与周边其他单位对讲机系统,不应有干扰,,
20.4.16,变电所设计和电气设备的安装,应符合,现行,,
20.4.16,变电所设计和电气设备的安装,应符合,国家标准《电力设施抗震设计规范》GB50260,,
20.4.16,变电所设计和电气设备的安装,应符合,标准《电力设施抗震设计规范》GB50260,,
20.4.16,变电所设计和电气设备的安装,应符合,标准《电力设施抗震设计规范》GB50260的规定,,
20.4.19,数字无线对讲系统设计,其公众暴露区域内最大射频辐射电场强度、磁场强度等防护控制限定值,应符合本标准第22章的有关规定,,
20.5.1,移动通信室内信号覆盖系统,应满足,室内移动通信用户语音及数据通信业务需求,,
20.5.2,室内信号覆盖系统,应设置在,民用建筑内,,
20.5.2,室内信号覆盖系统,对移动通信信号遮挡损耗较强或通信信号盲区的场所,.,,
20.5.3,室内信号覆盖系统,由信号源和室内天馈线分布系统组成,并应符合,,
20.5.3,室内信号覆盖系统,可分为宏蜂窝或微蜂窝等基站设备和直放站设备,2信号源,,
20.5.3,室内信号覆盖系统,可为合路设备、有源/无源宽带信号设备、天线及缆线等,2室内天馈线分布系统,,
20.5.5,室内信号覆盖系统的接入,应满足,多种技术标准的无线信号接入。,,
20.5.6,系统信号源的设定与引入方式,应符合,下列要求：1公共建筑内部话务量需求大或建筑高度大于100m的建筑、大型或特大型建筑以及有特殊需求的场所，宜选用微蜂窝或宏蜂窝基站作为系统的引入信号源；2建筑面积规模较小或话务量需求较少的场所，宜选用光纤直放站作为系统的引入信号源；3建,,
20.5.7,室内信号覆盖系统的话务量,设置应符合,"下列要求：1建筑物室内预测话务量的计算与基站载频数的配置应符合有关移动通信标准；2无线覆盖的接通率应满足在覆盖区域内95%的位置，并满足在99%的时间内移动用户能接入网络；3室内信号覆盖系统区域内优质的语音信道(TCH)呼损率不宜大于1%,控制信道",,
20.5.9,变电所设计和电气设备的安装,应符合,现行国家标准《电力设施抗震设计规范》GB50260的规定,,
20.5.9,变电所设计和电气设备的安装,应符合,标准《电力设施抗震设计规范》GB50260的规定,,
20.5.9,变电所设计和电气设备的安装,应符合,《电力设施抗震设计规范》GB50260的规定,,
20.6.2,甚小口径卫星通信系统,可由,通信卫星转发器、主站、终端站和系统网管设施组成。,,
20.6.3,甚小口径卫星通信系统网络的控制、监测、卫星通信的信道分配和通信链路的建立,应符合,地面枢纽中心站的要求,,
20.6.4,甚小口径卫星通信系统网络的拓扑结构,可分为,星状网、网状网和混合网,,
20.6.5,单点对单点或单点对多点之间的通信网络,应用于,专用业务网,,
20.6.6,变电所设计和电气设备的安装,应符合,现行国家标准《电力设施抗震设计规范》GB50260的规定,,
20.6.6,甚小口径卫星通信系统的工作频率,应符合,下列要求：1工作频率在C频段时，上行频率应为5850MHz~6425MHz;下行频率应为3625MHz～4200MHz;2工作频率在Ku频段时，上行频率应为14.000GHz~14.500GHz;下行频率应为12.250GHz～12.750GHz;3工作,,
20.6.7,电气设备的安装,应采取,抗震措施,,
20.6.7,电气设备的安装,应符合,国家标准《电力设施抗震设计规范》GB50260的规定,,
20.6.8,甚小口径卫星通信系统,采用Ka频段通信,应能利用宽带卫星网络向用户提供千兆比特级的高速数据、高清晰度会议电视、交互式多媒体等通信业务,,
20.6.9,甚小口径卫星通信系统,应根据,用户的业务类型、业务量大小、通信质量、响应时间等要求进行设计,,
20.6.9,甚小口径卫星通信系统,应具有,较好的灵活性、适应性和可扩展性,,
20.6.9,甚小口径卫星通信系统,并满足,现有业务量和新增业务量的需求,,
20.6.10,变电所设计和电气设备的安装,应采取抗震措施,并应符合现行国家标准《电力设施抗震设计规范》GB50260的规定,,
20.6.10,甚小口径卫星通信系统网络接口,应具有,支持多种网络接口和通信协议的能力,,
20.6.10,甚小口径卫星通信系统网络接口,并能根据用户具体要求进行协议转换、操作和维护,能力,,
20.6.11,甚小口径卫星通信系统地面固定端站,应符合,下列规定,,
20.6.11,端站的站址选择,应避开,天线周边的建筑物、广告牌、各种高塔和地形地物对天线电波的阻挡和反射引起的干扰,,
20.6.11,端站的站址选择,应避免,与附近其他电气设备之间的干扰,,
20.6.11,天线到前端机房接收机端口的缆线长度,不宜大于,20m,,
20.7.1,民用建筑,可根据用户需求设置,数字微波通信系统,,
20.7.3,无线电链状网、星状网或树状网,应按照,单点对单点或单点对多点方式或按信息通信用户实际需求,,
20.7.3,无线电链状网、星状网或树状网,可作为,用户近距离信息通信专用或生产业务的备用网,,
20.7.4,系统中心站(基站)主机设备站房,宜设在,用户单位数据中心或用户电话交换机房或安防监控中心附近处,,
20.7.4,系统中心站(基站)主机设备站房,并满足,用户信息网络、用户电话交换网络、会议电视、高清晰度视频图像等信息通信业务远端接入联网需求,,
20.7.5,变电所设计和电气设备的安装,并应,现行国家标准《电力设施抗震设计规范》GB50260的规定,,
20.7.5,变电所设计和电气设备的安装,应采取抗震措施,并应符合现行国家标准《电力设施抗震设计规范》GB50260的规定,,
20.7.5,数字微波通信系统使用频段,应避开,当地雷达和卫星地面通信等大功率发射机所使用的频率,,
20.7.7,室外天线金属支架,应耐腐蚀且结实牢固,并固定安装在建筑屋顶上,,
20.7.9,室外天线引至室内收发机信号装置的馈线,不宜过长,系统在分米波段工作时,,
20.7.9,馈线,可采用,同轴电缆,,
20.7.9,在厘米波段工作时,宜采用,圆波导馈线,,
20.7.9,馈线及电源线引入室内时,应加设,浪涌保护器,,
20.8.1,会议电视系统,应满足,本地会场与远端会场交互式实时通信的要求,,
20.8.1,会议电视系统,可按,用户使用需求构建双方或多方会议电视系统,,
20.8.2,会议电视系统,可分为,以下系统：1个人终端型会议电视系统；2小型会议电视系统；3中型会议电视系统；4大型及特大型会议电视系统；5远程呈现会议电视系统。,,
20.8.4,会议电视系统,应具有,下列基本功能:1在显示设备上应能收看对方或多方会议的现场图像、数据文本,,
20.8.4,会议电视系统,应具有,下列基本功能:2在显示设备上应能监察发送的图像与数据文本,,
20.8.4,会议电视系统,应具有,下列基本功能:3在显示设备上应能收看到当前会议系统网络上运行的实时数据信息,,
20.8.5,变电所设计和电气设备的安装,应符合,现行国家标准《电力设施抗震设计规范》GB50260的规定,,
20.8.5,变电所设计和电气设备的安装,并应符合,现行国家标准《电力设施抗震设计规范》GB50260的规定,,
20.8.5,设为主会场的中大型及特大型会议电视系统,应具有,对整个会议系统进行控制和管理的功能,,
20.8.6,多点控制单元设备组网时,宜具有,网闸(GK)组网功能,,
20.8.6,多点控制单元设备组网时,应支持,主从级联、互为备份等功能,,
20.8.6,多点控制单元设备组网时,应按系统与会方最多数量配置,并留有扩展余量,,
20.8.8,会议电视系统的自适应传输,应符合,H.320、H.323、SIP等多种标准协议,,
20.8.9,会议电视系统,应支持,H.239双码流标准协议,,
20.8.9,会议电视系统,当采用,IP网络传输时,,
20.8.9,会议电视系统,应采用,标准的以太网通信接口方式组网,,
20.8.9,会议电视系统,系统终端视频图像质量评分等级,应不低于四级,,
20.8.9,会议电视系统,其图像标准、帧率及信号传输双向对称带宽宜满足,相关性,,
20.8.10,变电所设计和电气设备的安装,应符合,现行国家标准《电力设施抗震设计规范》GB50260的规定,,
20.8.10,会议电视系统用房,应采用,矩形房间,,
20.8.10,会议电视系统用房,会场面积应按参加会议总人数及设备机房需求确定,具体要求可符合表20.8.10的规定,,
20.8.10,会议电视系统用房,具体要求可符合表20.8.10的规定,表,,
20.8.11,变电所设计和电气设备的安装,应符合,现行国家标准《电力设施抗震设计规范》GB50260的规定,,
20.8.12,变电所设计和电气设备的安装,应符合,现行国家标准《电力设施抗震设计规范》GB50260的规定,,
20.8.12,变电所设计和电气设备的安装,应符合,现行国家标准《电力设施抗震设计规范》GB50260的规定,,
20.8.12,变电所设计和电气设备的安装,应符合,国家标准《电力设施抗震设计规范》GB50260的规定,,
20.8.13,在主席台、发言席、参会第一排座席附近,应设置,信息接线盒和电源插座,,
20.8.14,电视系统设计,应执行,本标准规定,,
20.8.14,电视系统设计,应符合,国家标准《会议电视会场系统工程设计规范》GB50635的有关规定,,
20.8.16,电子会议讨论系统,宜采用有线会议讨论系统,座席布局不固定的临时会场或对安装布线有限制的会场,,
20.8.16,电子会议讨论系统,宜采用无线会议讨论系统,也可采用有线/无线混合系统,,
20.8.16,电子会议讨论系统,在同一建筑物内安装多套无线会议讨论系统,或在会场附近有与本系统相同或相近频段的,,
20.8.18,电子会议扩声系统设计,应符合,本标准第16.3节的规定,,
20.8.18,电子会议扩声系统设计,对于语言清晰度要求较高的会议场所、同声传译等,应按一级会议扩声系统进行设计,,
20.8.18,电子会议扩声系统设计,对于语言清晰度要求不高的会议场所,宜按二级会议扩声系统进行设计,,
20.8.19,电子会议表决系统设计,应符合,下列规定,,
20.8.19,电子会议表决系统设计,1设置固定座席的场所,可采用有线会议表决系统或无线会议表决系统,,
20.8.19,电子会议表决系统设计,不设固定座席的场所,宜采用无线会议表决系统,,
20.8.19,电子会议表决系统设计,2同时设置会议讨论系统和会议表决系统时,宜将,,
20.8.23,电子会议集中控制系统,宜具有,开放式的可编程控制平台和控制逻辑及人性化的中文界面,,
20.8.23,电子会议集中控制系统,宜能,与会议各子系统进行连接通信,,
20.8.23,电子会议集中控制系统,宜能,对会议系统进行控制,,
20.8.23,电子会议集中控制系统,宜能,对会场电动设备进行集中控制,,
20.8.24,会场出入口签到管理系统,应为会议组织者实时提供,应到人数、实到人数及与会代表的座席位置等出席会议的人员情况,,
20.8.24,会场出入口签到管理系统,宜具有对与会人员的进出授权、记录、查询及统计等多种功能,并应在与会人员进入会场的同时完成签到工作,,
20.8.24,会场各签到机,宜采用以太网连接方式,并应保证安全可靠,,
20.8.25,大型会议厅堂宜设置控制室,宜能开启,控制室的观察窗,,
20.8.26,使用移动式设备的会议室,应在摄像机、监视器等设备附近设置,专用电源插座回路,,
20.8.26,使用移动式设备的会议室,应与会场扩声、会议显示系统设备采用,同相电源,,
20.9.1,多媒体教学环境,可按教学模式分为,数字交互式语言学习系统、多媒体普通教室教学系统、多媒体阶梯教室教学系统、计算机网络多媒体教室教学系统和交互式视频多媒体教室教学系统等。,,
20.9.2,变电所设计和电气设备的安装,并应符合,现行国家标准《电力设施抗震设计规范》GB50260的规定,,
20.9.2,多媒体教学系统教师授课设备,应符合,国家相关标准规定,,
20.9.2,多媒体教学系统教师授课设备和学员学习设备的功能,应符合,国家相关标准规定,,
20.9.3,语言实验教室中数字交互式语言学习系统,宜由教师主控单元、学员单元、系统操作及教学应用软件等,组成,,
20.9.4,学员单元设备,可分为,终端型和计算机型两类,,
20.9.5,数字语音信号,在教师主控单元、学员单元之间全通道传输时,系统设备,,
20.9.5,数字语音信号,在教师主控单元、学员单元之间全通道传输时,系统设备可按技术参数及性能要求分A、B为两个级别,,
20.9.6,数字交互式语言学习系统,应以,系统基本配置为基础,,
20.9.6,数字交互式语言学习系统,并可按需,设备扩展,,
20.9.7,数字交互式语言教学及多媒体教学系统,应具有,教师与学生之间的互动等功能,,
20.9.7,数字交互式语言教学及多媒体教学系统,并能,完整记录授课时学生的语言学习情况,,
20.9.8,每间语言实验教室内,应配置,1套授课教师主控单元和多套学员单元,,
20.9.8,每间语言实验教室内,应根据实际上课人员数量配置且留有余量,学员单元数量,,
20.9.13,多媒体普通教室,可分为,电视机型多媒体普通教室,,
20.9.13,多媒体普通教室,可分为,投影机型多媒体普通教室,,
20.9.13,多媒体普通教室,可分为,交互式触控一体机型多媒体普通教室,,
20.9.14,多媒体普通教室中教师授课设备,应以教学基本配置为基础,并根据教学的实际需求增设扩展设备,,
20.9.17,交互式触控一体机型多媒体普通教室的教学系统,应符合,下列要求：1交互式触控一体机宜选用图像分辨率不低于200万像素、16:9宽高比例、对角线70in及以上规格显示屏且内嵌防眩光硬屏的薄型触控一体机，一体机可嵌装在双门或三门防眩光无尘的移动绿板框架内；2教室中其他教学设备配置可参见本标准,,
20.9.19,变电所设计和电气设备的安装,应符合,现行国家标准《电力设施抗震设计规范》GB50260的规定,,
20.9.19,变电所设计和电气设备的安装,应符合,国家标准《电力设施抗震设计规范》GB50260的规定,,
20.9.20,多媒体阶梯教室,可按,不同教学系统软硬件设备及配套设备组合成不同类型的多媒体教室,,
20.9.20,多媒体阶梯教室,其教室可分为,1多媒体阶梯教室普通教学系统；2多媒体阶梯教室高级教学系统。,,
20.9.21,变电所设计和电气设备的安装,应符合,现行国家标准《电力设施抗震设计规范》GB50260的规定,,
20.9.21,变电所设计和电气设备的安装,应符合,标准《电力设施抗震设计规范》GB50260的规定,,
20.9.21,变电所设计和电气设备的安装,应符合,《电力设施抗震设计规范》GB50260的规定,,
20.9.24,多媒体阶梯教室高级教学系统,应符合,下列要求：1系统由授课的计算机终端、投影机及幕布、交互式触控一体机、数字视频实物展示台、音视频播放设备、摄像机、有线电视射频信号转换器等组成,,
20.9.24,多媒体阶梯教室高级教学系统,应设置,不少于2套自平衡式上下推拉书写白板,,
20.9.25,变电所设计和电气设备的安装,应符合,现行国家标准《电力设施抗震设计规范》GB50260的规定,,
20.9.27,变电所设计和电气设备的安装,应符合,现行国家标准《电力设施抗震设计规范》GB50260的规定,,
20.9.27,变电所设计和电气设备的安装,应采取,措施,,
20.9.27,变电所设计和电气设备的安装,并应符合,现行国家标准《电力设施抗震设计规范》GB50260的规定,,
20.9.27,变电所设计和电气设备的安装,并应符合,国家标准《电力设施抗,,
20.9.28,教室中教学系统,应包括,教师网络授课设备、学员有线或无线网络学习终端机及多媒体电子教室系统等设备,,
20.9.28,教室中教学系统,应配置,系统操作及教学应用软件,,
20.9.29,教室内宜构建本地局域网，其网络接入交换机的背板带宽及传输速率,应满足,教学时各位学生10M/100Mbps及以上自适应快速上网的需求,,
20.9.30,移动计算机网络多媒体教室应设置无线网络收发基站AP点,应满足教师授课和每位学员快速上网的需求,基站点设置的信道数和传输速率,,
20.9.31,网络多媒体教室计算机教学授课时,每位学员宜配置1台网络固定台式或移动式终端机,满足教师授课时能对学员分别进行一对一的信息互动交流,,
20.9.32,网络多媒体教室中不同的配置,可构成不同种类的网络教室模式,根据需要可增加,,
20.9.32,网络多媒体教室中不同的配置,可构成不同种类的网络教室模式,增加扩展设备的方式进行配置设计,,
20.9.32,网络多媒体教室中不同的配置,可构成不同种类的网络教室模式,根据需要可增加网络教学平台应用软件,,
20.9.33,计算机网络多媒体教室的组网方式,应符合,下列要求：1学员计算机可通过网络名称或IP地址访问教师授课计算机并实现教室内网络互通的要求；2教室内任何一台计算机应能通过网络访问到用户单位教学主干网络实现互通的要求；3教室内网络设备连接学员学习计算机的传输速率应支持10M/100Mbps,,
20.9.34,计算机网络多媒体教室平面设计,宜采用,长方形教室竖向布局方式,,
20.9.34,计算机网络多媒体教室平面设计,学员与教室使用面积,可参见相关标准要求,,
20.9.34,计算机网络多媒体教室平面设计,网络多媒体教室平面设计及教学等设备布置,可参见本标准第20.9.11条的规定,,
20.9.35,变电所设计和电气设备的安装,应符合,国家标准《电力设施抗震设计规范》GB50260的规定,,
20.9.35,变电所设计和电气设备的安装,并应符合,现行国家标准《电力设施抗震设计规范》GB50260的规定,,
20.9.35,变电所设计和电气设备的安装,并应符合,现行国家标准《电力设施抗震设计规范》GB50260的规定,,
20.9.36,教室可按不同教学系统硬件设备及配套教学设备组合成不同终端类型的交互式音视频多媒体教室,其多媒体教室可分为,1基于计算机网络普通终端型；2基于专用触控一体机终端型。,,
20.9.37,交互式音视频教学系统,宜用于,案例教学、网络学堂、虚拟教学等本地或异地交互式教学模式,,
20.9.38,教学系统,应以,基本配置为基础,,
20.9.38,教学系统,应按,教学模式、教学环境等需求增配设备,,
20.9.39,变电所设计和电气设备的安装,并应,符合现行国家标准《电力设施抗震设计规范》GB50260的规定,,
20.9.39,变电所设计和电气设备的安装,应采取抗震措施,并应符合现行国家标准《电力设施抗震设计规范》GB50260的规定,,
20.9.40,变电所设计和电气设备的安装,应符合,现行国家标准《电力设施抗震设计规范》GB50260的规定,,
20.9.40,变电所设计和电气设备的安装,并应符合,现行国家标准《电力设施抗震设计规范》GB50260的规定,,
20.9.42,教学系统,宜采用,基于H.26x或MPEGx等系列高清晰视频图像等压缩编解码格式,,
20.9.42,教学系统,并满足,基于TCP/IP方式传输的要求,,
20.9.43,教学系统配套的摄像机单元设备,宜采用,720P及以上专用高清晰度彩色摄像机,,
20.9.44,变电所设计和电气设备的安装,应符合,现行国家标准《电力设施抗震设计规范》GB50260的规定,,
20.9.44,教学系统配套的管理软件,应具有,教学登记、过程控制、教学内容的传送、各教室的分屏设定和对终端视频信号进行监测等功能,,
20.9.45,教学系统,在使用,单位内多个本地教室,,
20.9.45,教学系统,进行视频交互时,应接入使用单位教学主干网络,,
20.9.45,教学系统,其传输速率应支持,1000Mbps及以上的要求,,
20.9.46,教学系统,在本地与异地多个教室进行音视频交互时,不同组网方式应符合下列要求,,
20.9.48,交互式多媒体教室的室内用房、设备布置、电声学与建筑声学、建筑环境,可参见,本标准第20.9.23条的相关规定。,,
21.1.2,综合布线系统,应采用,开放式网络拓扑结构,,
21.1.2,综合布线系统,应能满足,语音、数据、图文和视频等信息传输的要求,,
21.1.3,变电所设计和电气设备的安装,应符合,现行国家标准《电力设施抗震设计规范》GB50260的规定,,
21.1.3,综合布线系统中同一信道及链路中选用的线缆、连接器件、跳线,级和类别必须保持一致,并满足传输性能的要求,,
21.1.4,综合布线系统,在公用电信网络已实现光纤传输的地区,公共建筑内设置用户单元的通信设施工程必须采用光纤到用户单元的方式建设,,
21.2.1,综合布线系统的构成,应符合,"下列规定(图):1配线子系统中可以设置集合点(CP),也可不设置集合点；2建筑物配线设备(BD)之间、建筑物楼层配线设备(FD)之间可以设置主干线缆互通；3FD可以经过主干线缆连至建筑群配线设备(CD),信息插座(TO)也可以经过水平线缆连至BD;4设置了设备间的",,
21.2.2,变电所设计和电气设备的安装,应符合,现行国家标准《电力设施抗震设计规范》GB50260的规定,,
21.2.2,变电所设计和电气设备的安装,应符合,国家标准《电力设施抗震设计规范》GB50260的规定,,
21.2.3,电缆布线系统的分级与类别,应符合,表21.2.3的规定,,
21.2.7,配线子系统,应由,工作区的信息插座模块、信息插座模块到电信间配线设备(FD)的水平线缆、电信间的配线设备和设备线缆及跳线等组成,,
21.2.7,配线子系统,应符合,下列规定：1电信间FD(设备间BD、进线间CD)的干线侧配线设备与水平侧配线设备之间，电话交换系统配线采用跳线连接方式；,,
21.2.9,变电所设计和电气设备的安装,并应符合,现行国家标准《电力设施抗震设计规范》GB50260的规定,,
21.2.9,建筑群子系统,应由,连接多个建筑物之间的主干电缆和光缆、建筑群配线设备(CD)及设备线缆和跳线组成,,
21.2.9,建筑群子系统,应符合,下列规定：1建筑物间的数据干线宜采用多模、单模光缆，,,
21.2.11,进线间是建筑物外部通信和信息管线的引入场地,也可作为入口设施的安装空间,并应符合,,
21.2.11,进线间是建筑物外部通信和信息管线的引入场地,也可作为入口设施的安装空间,并应符合下列规定,,
21.2.12,设备间、电信间、进线间和工作区的配线设备、线缆、信息插座模块等设施的管理,宜符合,下列规定,,
21.2.12,综合布线的每一电缆、光缆、配线设备、终接点、接地装置、敷设管线等组成部分,均应给定唯一的标识符,并设置标签,,
21.2.13,变电所设计和电气设备的安装,并应,现行国家标准《电力设施抗震设计规范》GB50260的规定,,
21.2.14,综合布线系统,应满足,下列应用条件：1综合布线系统的传输带宽与传输速率；2综合布线系统的应用传输距离；3智能化系统设备的接口类型；4智能化系统对屏蔽与非屏蔽电缆或光缆的选择要求；5以太网供电(POE)的方式及供电线路对实际允许承载的电流与功耗,,
21.3.4,配线子系统中可以设置集合点(CP),同一个水平电缆路由中不允许超过一个集合点(CP),集合点配线设备与FD之间水平线缆的长度不应小于15m。当设置集合点时，宜按能支持12个工作区所需的铜缆或光缆配置。,,
21.3.4,集合点配线设备与FD之间水平线缆的长度,不应小于,15m,,
21.3.5,变电所设计和电气设备的安装,应符合,现行国家标准《电力设施抗震设计规范》GB50260的规定,,
21.3.5,电信间FD主干侧各类配线模块,应按电话、计算机网络的构成及主干电缆或光缆所需容量、模块类型和规格进行配置,主干线缆的配置应符合下列规定,,
21.3.6,干线子系统线缆的配置,应与配线设备容量保持一致,并应符合下列规定,,
21.3.6,干线子系统所需要的电缆总对数和光缆总芯数,应满足工程的实际需求,并留有适当的备份容量,,
21.3.6,当工作区至电信间的配线光缆延伸到建筑群设备间的配线设备(CD)或建筑物设备间的配线设备(BD)时,主干光缆光纤的容量,应,,
21.3.7,电信业务经营者在进线间设置的入口配线设备,应与BD或CD之间敷设,互通的电缆、光缆的类型与容量相一致,,
21.3.8,建筑群配线设备(CD),内线侧容量,应与BD连接的建筑群主干线缆容量一致,,
21.3.8,建筑群配线设备(CD),外线侧容量,应与外部引入的主干线缆容量一致,,
21.4.2,连接器件,应该具有,唯一的标记或颜色,,
21.4.2,连接器件,支持导体,0.4mm～0.8mm线径的连接,,
21.4.2,连接器件,的插拔率,大于或等于500次,,
21.4.2,连接器件,一般采用RJ45模块通用插座进行端接,7/7A类布线系统采用非RJ45方式终接,,
21.4.3,变电所设计和电气设备的安装,应符合,现行国家标准《电力设施抗震设计规范》GB50260的规定,,
21.4.5,光纤布线系统,OF-300、OF-500、OF-2000,光纤信道衰减值,,
21.4.6,变电所设计和电气设备的安装,应符合,现行国家标准《电力设施抗震设计规范》GB50260的规定,,
21.4.6,变电所设计和电气设备的安装,应符合,国家标准《电力设施抗震设计规范》GB50260的规定,,
21.4.6,变电所设计和电气设备的安装,应符合,国家标准《电力设施抗震设计规范》GB50260的规定,,
21.5.3,电信间的使用面积,不应小于,5m2,,
21.5.4,设备安装,宜采用,标准19in机柜,,
21.5.4,设备安装,单排安装时,"前面净空不应小于1.0m,后面及侧面净空不应小于0.8m",,
21.5.4,设备安装,多排安装时,列间距不应小于1.2m,,
21.5.5,变电所设计和电气设备的安装,应符合,现行国家标准《电力设施抗震设计规范》GB50260的规定,,
21.5.5,设备间及电信间,应采用,外开丙级防火门,,
21.5.5,设备间及电信间,应高出本层地面0.1m及以上或设置防水门槛,地面,,
21.5.6,变电所设计和电气设备的安装,应采取抗震措施,并应符合,,
21.5.6,变电所设计和电气设备的安装,应采取抗震措施,并应符合现行国家标准《电力设施抗震设计规范》GB50260的规定,,
21.6.1,工作区信息插座的安装,宜符合,下列规定：1暗装在地面上的信息插座，应满足防水和抗压要求；2墙面或柱子上的信息插座底边距地面的高度宜为0.3m;3设置工作台的场所，信息插座宜安装在工作台面以上。,,
21.6.2,信息插座模块,宜采用,标准86系列面板,,
21.6.2,光纤模块,安装底盒深度,不应小于60mm,,
21.6.3,集合点(CP)箱、多用户信息插座箱、用户单元信息配线箱,应设置,固定位置,,
21.6.4,每一个工作区,至少应配置,2个220V/10A带保护接地的单相交流电源插座,,
21.7.1,综合布线系统,应根据,环境条件、用户对电磁兼容性要求、带宽要求采用相应的线缆和配线设备,,
21.7.1,综合布线系统,应符合,下列规定：1综合布线区域内存在的电磁干扰场强高于3V/m时，应采用屏蔽布线系统或光缆布线系统；2用户对防电磁干扰和防信息泄露有较高要求或对网络有安全保,,
21.7.2,变电所设计和电气设备的安装,应符合,现行国家标准《电力设施抗震设计规范》GB50260的规定,,
21.7.3,综合布线系统选用的电缆、光缆,应根据,建筑物的使用性质、火灾危险程度、系统设备的重要性和线缆的敷设方式,,
21.7.3,综合布线系统选用的电缆、光缆,选用相应阻燃等级的线缆,并应符合,,
21.7.4,从电信间引出的水平线缆,成束敷设时,宜采用槽盒的敷设方式,,
21.7.5,干线子系统垂直通道,宜采用,电缆竖井方式,,
21.7.5,电缆竖井的位置,宜对齐,上下,,
21.7.6,建筑群之间的线缆,宜采用,地下管道或电缆沟敷设方式,,
21.7.6,建筑群之间的线缆,应预留,备用管道,,
21.7.7,综合布线系统线缆的弯曲半径,应符合,表21.7.7线缆敷设弯曲半径线缆类型弯曲半径2芯或4芯水平光缆>25mm其他芯数和主干光缆不小于光缆外径的10倍4对屏蔽、非屏蔽电缆不小于电缆外径的4倍大对数主干电缆不小于电缆外径的10倍室外光缆、电缆不小于线缆外径的10倍注：当线缆采用电缆桥架布放时,,
21.7.8,变电所设计和电气设备的安装,应采取,抗震措施,,
21.7.8,变电所设计和电气设备的安装,应符合,国家标准《电力设施抗震设计规范》GB50260的规定,,
21.7.8,变电所设计和电气设备的安装,应符合,国家标准《电力设施抗震设计规范》GB50260的规定,,
21.7.9,线缆在导管与槽盒内敷设时,管径与槽盒截面积利用率,应符合本标准第26.5.6条的规定,,
21.8.1,电缆、光缆的金属护套、金属构件及金属保护导管,应接地,。,,
21.8.2,进线间、设备间、电信间应设置,等电位接地端子箱(板),。,,
21.8.2,每个配线柜(架),应采用,两根不等长、其截面积不小于6mm2的绝缘铜导线敷设至等电位接地端子箱(板,,
21.8.3,综合布线系统,应采用,共用接地装置,,
22.1.1,建筑规划及选址,应调查分析,周边的电磁环境,,
22.1.1,建筑电气工程设计,应降低,对周边电磁环境的影响,,
22.1.31,10kV及以上变电所,不应贴邻,幼儿园教室与卧室、学校教室与宿舍、医院病房、老年人居住设施建筑、住宅等人员长期居留场所,,
22.1.31,10kV及以上变电所,当贴邻且超过表22.2.2的限值时,应采取防护措施,,
22.1.4,变电所设计和电气设备的安装,应符合,现行国家标准《电力设施抗震设计规范》GB50260的规定,,
22.1.4,变电所设计和电气设备的安装,并应符合,现行国家标准《电力设施抗震设计规范》GB50260的规定,,
22.1.4,移动通信发射塔及基站,不宜贴邻,幼儿园、住宅、中小学教学楼等建筑物,,
22.1.5,易受辐射骚扰的电子设备,不应与,大功率电磁骚扰源紧邻布置,,
22.1.6,民用建筑电气工程电磁兼容设计,除应符合,本标准的规定外,,
22.1.6,民用建筑电气工程电磁兼容设计,尚应符合,现行国家标准《建筑电气工程电磁兼容技术规范》GB51204的有关规定,,
22.2.1,建筑物与高压、超高压和特高压架空输电线路边导线之间,应保持适当距离,电磁场强度和磁感应强度,,
22.2.2,变电所设计和电气设备的安装,应采取,抗震措施,,
22.2.2,变电所设计和电气设备的安装,应符合,国家标准《电力设施抗震设计规范》GB50260的规定,,
22.2.3,变电所设计和电气设备的安装,应符合,现行国家标准《电力设施抗震设计规范》GB50260的规定,,
22.3.1,公共电网的电能质量,应符合,下列规定：1公共连接点的全部用户向该点注入的谐波电流分量(方均根值,,
22.3.1,公共电网的电能质量,不应超过,表22.3.1-1的规定；表22.3.1-1公共连接点谐波电流允许值标称电压(kV,,
22.3.3,变电所设计和电气设备的安装,应采取,抗震措施,,
22.3.3,变电所设计和电气设备的安装,应符合,现行国家标准《电力设施抗震设计规范》GB50260的规定,,
22.4.1,电子信息系统,应根据,建筑物内部的电磁环境、系统的电磁敏感度、系统的电磁骚扰与周边其他系统的电磁敏感度等因素设计,,
22.4.1,电子信息系统,应符合,电磁兼容性要求,,
22.4.3,电子信息系统机房电源的进线处,应设置,限压型电涌保护器,,
22.4.3,保护器的残压与电抗电压之和,不应大于,被保护设备耐压水平的80%,,
22.4.4,户外信号传输电缆的金属外护层,应在进户后首个接线处,接地,,
22.4.4,户外光缆的金属增强线,应在进户后首个接线处,接地,,
22.4.5,户外信号传输电缆的信号线,应在进户配线架处设置,适配的电涌保护器,,
22.4.7,配电线路与电子信息系统传输线路,应,分开敷设,,
22.4.7,配电线路与电子信息系统传输线路,当受建筑条件限制而必须平行贴近敷设时,应采取屏蔽措施,,
22.4.8,配电线路与电子信息系统传输线路,交叉时,宜垂直相交,,
22.4.9,变电所设计和电气设备的安装,应符合,现行国家标准《电力设施抗震设计规范》GB50260的规定,,
22.4.9,当建筑物内的电磁环境复杂，且未采用屏蔽型保护导管或槽盒时，视频监控系统和有线电视系统,宜采用,具有外屏蔽层的同轴电缆,,
22.5.1,电子信息系统,宜采用,共用接地装置,,
22.5.1,电子信息系统,其接地电阻值,应满足各系统中最小电阻值的要求,,
22.5.1,电子信息设备机柜,应与等电位接地端子箱做等电位联结,并符合本标准第23章的要求,,
22.5.2,变电所设计,应采取,抗震措施,,
22.5.2,变电所设计,应符合,国家标准《电力设施抗震设计规范》GB50260的规定,,
22.5.3,通信设备的专用接地导体,与临近的防雷引下线之间宜设,适配的电涌保护器,,
23.1.1,本章可适用于民用建筑所设置的智能化系统机房设计,不适用于,大型数据中心、高风险对象的安防监控中心和涉密信息机房的专项设计,,
23.1.2,本章智能化系统机房,宜包括,民用建筑所设置的进线间(信息接入机房,,
23.1.2,本章智能化系统机房,宜包括,信息网络机房,,
23.1.2,本章智能化系统机房,宜包括,用户电话交换机房,,
23.1.2,本章智能化系统机房,宜包括,消防控制室,,
23.1.2,本章智能化系统机房,宜包括,安防监控中心,,
23.1.3,变电所设计和电气设备的安装,应符合,现行,,
23.1.3,机房的设置,应满足,系统正常运行和用户使用、管理等要求,,
23.1.4,机房面积,应留有,发展空间,,
23.1.5,变电所设计和电气设备的安装,应符合,现行国家标准《电力设施抗震设计规范》GB50260的规定,,
23.1.5,地震基本烈度为6度及以上地区，机房的结构设计,应采取,抗震措施,,
23.1.5,地震基本烈度为6度及以上地区，机房的结构设计,应采取,抗震措施,,
23.1.6,高层建筑或智能化系统较多的多层建筑,应设置,弱电间。,,
23.2.1,机房位置选择,应符合,下列规定：1机房宜设在建筑物首层及以上各层，当有多层地下层时，也可设在地下一层；2机房不应设置在厕所、浴室或其他潮湿、易积水场所的正下方或与其贴邻；3机房应远离强振动源和强噪声源的场所，当不能避免时，应采取有效的隔振、消声和隔声措施；4机房应远离强电,,
23.2.2,机房的设置,应满足,设备运行环境、安全性及管理、维护等要求。,,
23.2.3,大型公共建筑,宜按使用功能和管理职能分类集中设置机房,并应符合下列规定,,
23.2.3,大型公共建筑,信息设施系统总配线机房,宜与信息网络机房及用户电话交换机房靠近或合并设置,,
23.2.3,大型公共建筑,安防监控中心,宜与消防控制室合并设置,,
23.2.3,大型公共建筑,与消防有关的公共广播机房,可与,,
23.2.5,信息网络机房设置,应符合,下列要求：1自用办公建筑或信息化应用程度较高的公共建筑，信息网络机房宜独立设置；2商业类建筑信息网络机房应根据其应用、管理及经营需要设置，可单独设置，亦可与信息设施系统总配线机房、建筑设备管理系统等机房合并设置。,,
23.2.7,变电所设计和电气设备的安装,应采取抗震措施,并应符合现行国家标准《电力设施抗震设计规范》GB50260的规定,,
23.2.7,安防监控中心,设于,建筑物的首层或有多层地下室的地下一层,,
23.2.7,安防监控中心,使用面积,不宜小于20m2,,
23.2.7,安防监控中心,综合体建筑或建筑群安防监控中心,设于防护等级要求较高的,,
23.2.8,进线间,应设置在,地下一层并靠近市政信息接入点的外墙部位,,
23.2.8,进线间,应满足,缆线的敷设路由、成端位置及数量、光缆的盘长空间和缆线的弯曲半径、配线设备、入口设施安装对场地空间的要求,,
23.2.8,进线间,的面积应,按通局管道及入口设施的最终容量设置，并应满足不少于3家电信业务经营者接,,
23.2.9,变电所设计和电气设备的安装,应符合,现行国家标准《电力设施抗震设计规范》GB50260的规定,,
23.2.9,变电所设计和电气设备的安装,应符合,国家标准,,
23.2.9,变电所设计和电气设备的安装,应符合,标准《电力设施抗震设计规范》GB50260的规定,,
23.2.9,变电所设计和电气设备的安装,应符合,标准,,
23.3.1,机房,宜采用,矩形平面布局,,
23.3.2,变电所设计和电气设备的安装,应采取抗震措施,并应符合现行国家标准《电力设施抗震设计规范》GB50260的规定,,
23.3.3,电力设施抗震设计规范,GB50260,的规定,,
23.3.3,机房的空调系统,如采用整体式空调机组并设置在机房内时,空调机组周围宜设漏水报警装置,,
23.3.4,大型公共建筑的信息网络机房、智能化系统总控室、安防监控中心等,宜设置,机房综合管理系统和机房安全系统,,
23.3.5,变电所设计和电气设备的安装,应符合,现行国家标准《电力设施抗震设计规范》GB50260的规定,,
23.3.5,信息网络机房设计,应符合,下列规定：1机房组成应根据设备以及工作运行特点要求确定，宜由主机房、管理用房、辅助设备用房等组成。2机房的面积应根据设备布置和操作、维护等因素确定，并应,,
23.3.7,弱电间,应符合,下列规定,,
23.3.7,弱电间,面积,宜符合下列规定,,
23.3.7,弱电间,当,多层建筑弱电间短边尺寸不能满足0.8m的要求时,,
23.3.8,变电所设计和电气设备的安装,应符合,现行国家标准《电力设施抗震设计规范》GB50260的规定,,
23.3.8,机房设备布置,应符合,下列规定,,
23.3.8,机房设备布置,应根据,系统配置及管理需要分区布置,,
23.3.8,当几个系统合用机房时,应,按功能分区布置,,
